Workbook

Sheet list
B1: CHORAKLIK NATIJALAR | R1: _________________ kuni olingan ____BSB/Loyiha ishi NATIJALARI | AC1: _________________ kuni olingan ____BSB/Loyiha ishi NATIJALARI | AN1: _________________ kuni olingan ____BSB/Loyiha ishi NATIJALARI | AY1: _________________ kuni olingan ____BSB/Loyiha ishi NATIJALARI | BJ1: _________________ kuni olingan ____CHSB NATIJALARI | CC1: _________________ kuni olingan ____CHSB NATIJALARI
B2: fan | D2: chorak | F2: sinf | R2: =$B$2 -> fan | S2: =$C$2 -> 0 | T2: =$D$2 -> chorak | U2: =$E$2 -> 0 | V2: =$F$2 -> sinf | W2: =$G$2 -> 0 | AA2: =IF(MAX(AA6:AA45)>40,50,IF(MAX(AA6:AA45)>20,25,IF(MAX(AA6:AA45)>15,20,IF(MAX(AA6:AA45)>8,10)))) -> FALSE | AB2: ball | AC2: =$B$2 -> fan | AD2: =$C$2 -> 0 | AE2: =$D$2 -> chorak | AF2: =$E$2 -> 0 | AG2: =$F$2 -> sinf | AH2: =$G$2 -> 0 | AL2: =IF(MAX(AL6:AL45)>40,50,IF(MAX(AL6:AL45)>20,25,IF(MAX(AL6:AL45)>15,20,IF(MAX(AL6:AL45)>8,10)))) -> FALSE | AM2: ball | AN2: =$B$2 -> fan | AO2: =$C$2 -> 0 | AP2: =$D$2 -> chorak | AQ2: =$E$2 -> 0 | AR2: =$F$2 -> sinf | AS2: =$G$2 -> 0 | AW2: =IF(MAX(AW6:AW45)>40,50,IF(MAX(AW6:AW45)>20,25,IF(MAX(AW6:AW45)>15,20,IF(MAX(AW6:AW45)>8,10)))) -> FALSE | AX2: ball | AY2: =$B$2 -> fan | AZ2: =$C$2 -> 0 | BA2: =$D$2 -> chorak | BB2: =$E$2 -> 0 | BC2: =$F$2 -> sinf | BD2: =$G$2 -> 0 | BH2: =IF(MAX(BH6:BH45)>40,50,IF(MAX(BH6:BH45)>20,25,IF(MAX(BH6:BH45)>15,20,IF(MAX(BH6:BH45)>8,10)))) -> FALSE | BI2: ball | BJ2: fan | BK2: =$C$2 -> 0 | BL2: chorak | BO2: =$E$2 -> 0 | BR2: sinf | BT2: =$G$2 -> 0 | CA2: 40 | CB2: ball | CC2: fan | CD2: =$C$2 -> 0 | CE2: ="chorak: "&$E$2 -> chorak: | CG2: ="sinf: "& $G$2 -> sinf: | CH2: 40 | CI2: ball
B4: T/r | C4: F.I.SH | D4: summativ baholash bo'yicha ballar | O4: chorak bahosi | P4: fan | Q4: =IF(ISBLANK(C2),"",C2) | R4: T/r | S4: F.I.SH | T4: Baholash mezoni | AA4: Jami ball | AB4: Foizda | AC4: T/r | AD4: F.I.SH | AE4: Baholash mezoni | AL4: Jami ball | AM4: Foizda | AN4: T/r | AO4: F.I.SH | AP4: Baholash mezoni | AW4: Jami ball | AX4: Foizda | AY4: T/r | AZ4: F.I.SH | BA4: Baholash mezoni | BH4: Jami ball | BI4: Foizda | BJ4: T/r | BK4: F.I.SH | BL4: Baholash mezoni | CA4: Jami ball 40 | CB4: Foizda | CC4: T/r | CD4: F.I.SH | CE4: Baholash mezoni | CH4: Jami ball 40 | CI4: Foizda
D5: BSB | E5: BSB | F5: BSB | G5: LI/Lab | H5: FB (10) | I5: CHSB (40) | J5: Jami ball (100) | N5: tahlil % da | T5: 1 | U5: 2 | V5: 3 | W5: 4 | X5: 5 | Y5: 6 | Z5: 7 | AE5: 1 | AF5: 2 | AG5: 3 | AH5: 4 | AI5: 5 | AJ5: 6 | AK5: 7 | AP5: 1 | AQ5: 2 | AR5: 3 | AS5: 4 | AT5: 5 | AU5: 6 | AV5: 7 | BA5: 1 | BB5: 2 | BC5: 3 | BD5: 4 | BE5: 5 | BF5: 6 | BG5: 7 | BL5: 1 | BM5: 2 | BN5: 3 | BO5: 4 | BP5: 5 | BQ5: 6 | BR5: 7 | BS5: 8 | BT5: 9 | BU5: 10 | BV5: 11 | BW5: 12 | BX5: 13 | BY5: 14 | BZ5: 15 | CE5: "Bilish (to'g'ri javoblar soni)" | CF5: "qo'llash (to'g'ri javoblar soni)" | CG5: "Mulohaza (to'g'ri javoblar soni)"
B6: 1 | P6: sinf | Q6: =IF(ISBLANK(G2),"",G2) | R6: =IF(ISBLANK($B6),"",$B6) -> 1 | S6: =IF(ISBLANK($C6),"",$C6) | AA6: =IF(ISBLANK($D6),"",$D6) | AB6: =IF(OR(ISBLANK(AA6),AA6=""),"",AA6*100/AA$2) | AC6: =IF(ISBLANK($B6),"",$B6) -> 1 | AD6: =IF(ISBLANK($C6),"",$C6) | AL6: =IF(ISBLANK($E6),"",$E6) | AM6: =IF(OR(ISBLANK(AL6),AL6=""),"",AL6*100/AL$2) | AN6: =IF(ISBLANK($B6),"",$B6) -> 1 | AO6: =IF(ISBLANK($C6),"",$C6) | AW6: =IF(ISBLANK($F6),"",$F6) | AX6: =IF(OR(ISBLANK(AW6),AW6=""),"",AW6*100/AW$2) | AY6: =IF(ISBLANK($B6),"",$B6) -> 1 | AZ6: =IF(ISBLANK($C6),"",$C6) | BH6: =IF(ISBLANK($G6),"",$G6) | BI6: =IF(OR(ISBLANK(BH6),BH6=""),"",BH6*100/BH$2) | BJ6: =IF(ISBLANK($B6),"",$B6) -> 1 | BK6: =IF(ISBLANK($C6),"",$C6) | CA6: =IF(ISBLANK($I6),"",$I6) | CB6: =IF(OR(ISBLANK(CA6),CA6=""),"",CA6*100/CA$2) | CC6: =IF(ISBLANK($B6),"",$B6) -> 1 | CD6: =IF(ISBLANK($C6),"",$C6) | CH6: =IF(ISBLANK($I6),"",$I6) | CI6: =IF(OR(ISBLANK(CH6),CH6=""),"",CH6*100/CH$2)
B7: 2 | P7: chorak | Q7: 1 | R7: =IF(ISBLANK($B7),"",$B7) -> 2 | S7: =IF(ISBLANK($C7),"",$C7) | AA7: =IF(ISBLANK($D7),"",$D7) | AB7: =IF(OR(ISBLANK(AA7),AA7=""),"",AA7*100/AA$2) | AC7: =IF(ISBLANK($B7),"",$B7) -> 2 | AD7: =IF(ISBLANK($C7),"",$C7) | AL7: =IF(ISBLANK($E7),"",$E7) | AM7: =IF(OR(ISBLANK(AL7),AL7=""),"",AL7*100/AL$2) | AN7: =IF(ISBLANK($B7),"",$B7) -> 2 | AO7: =IF(ISBLANK($C7),"",$C7) | AW7: =IF(ISBLANK($F7),"",$F7) | AX7: =IF(OR(ISBLANK(AW7),AW7=""),"",AW7*100/AW$2) | AY7: =IF(ISBLANK($B7),"",$B7) -> 2 | AZ7: =IF(ISBLANK($C7),"",$C7) | BH7: =IF(ISBLANK($G7),"",$G7) | BI7: =IF(OR(ISBLANK(BH7),BH7=""),"",BH7*100/BH$2) | BJ7: =IF(ISBLANK($B7),"",$B7) -> 2 | BK7: =IF(ISBLANK($C7),"",$C7) | CA7: =IF(ISBLANK($I7),"",$I7) | CB7: =IF(OR(ISBLANK(CA7),CA7=""),"",CA7*100/CA$2) | CC7: =IF(ISBLANK($B7),"",$B7) -> 2 | CD7: =IF(ISBLANK($C7),"",$C7) | CH7: =IF(ISBLANK($I7),"",$I7) | CI7: =IF(OR(ISBLANK(CH7),CH7=""),"",CH7*100/CH$2)
B8: 3 | P8: o'rtacha | Q8: =IF(ISBLANK(C6),"",AVERAGE(J6:J45)) | R8: =IF(ISBLANK($B8),"",$B8) -> 3 | S8: =IF(ISBLANK($C8),"",$C8) | AA8: =IF(ISBLANK($D8),"",$D8) | AB8: =IF(OR(ISBLANK(AA8),AA8=""),"",AA8*100/AA$2) | AC8: =IF(ISBLANK($B8),"",$B8) -> 3 | AD8: =IF(ISBLANK($C8),"",$C8) | AL8: =IF(ISBLANK($E8),"",$E8) | AM8: =IF(OR(ISBLANK(AL8),AL8=""),"",AL8*100/AL$2) | AN8: =IF(ISBLANK($B8),"",$B8) -> 3 | AO8: =IF(ISBLANK($C8),"",$C8) | AW8: =IF(ISBLANK($F8),"",$F8) | AX8: =IF(OR(ISBLANK(AW8),AW8=""),"",AW8*100/AW$2) | AY8: =IF(ISBLANK($B8),"",$B8) -> 3 | AZ8: =IF(ISBLANK($C8),"",$C8) | BH8: =IF(ISBLANK($G8),"",$G8) | BI8: =IF(OR(ISBLANK(BH8),BH8=""),"",BH8*100/BH$2) | BJ8: =IF(ISBLANK($B8),"",$B8) -> 3 | BK8: =IF(ISBLANK($C8),"",$C8) | CA8: =IF(ISBLANK($I8),"",$I8) | CB8: =IF(OR(ISBLANK(CA8),CA8=""),"",CA8*100/CA$2) | CC8: =IF(ISBLANK($B8),"",$B8) -> 3 | CD8: =IF(ISBLANK($C8),"",$C8) | CH8: =IF(ISBLANK($I8),"",$I8) | CI8: =IF(OR(ISBLANK(CH8),CH8=""),"",CH8*100/CH$2)
B9: 4 | P9: 5 baholar | Q9: =IF(ISBLANK(C6),"",COUNTIF(O6:O45,5)) | R9: =IF(ISBLANK($B9),"",$B9) -> 4 | S9: =IF(ISBLANK($C9),"",$C9) | AA9: =IF(ISBLANK($D9),"",$D9) | AB9: =IF(OR(ISBLANK(AA9),AA9=""),"",AA9*100/AA$2) | AC9: =IF(ISBLANK($B9),"",$B9) -> 4 | AD9: =IF(ISBLANK($C9),"",$C9) | AL9: =IF(ISBLANK($E9),"",$E9) | AM9: =IF(OR(ISBLANK(AL9),AL9=""),"",AL9*100/AL$2) | AN9: =IF(ISBLANK($B9),"",$B9) -> 4 | AO9: =IF(ISBLANK($C9),"",$C9) | AW9: =IF(ISBLANK($F9),"",$F9) | AX9: =IF(OR(ISBLANK(AW9),AW9=""),"",AW9*100/AW$2) | AY9: =IF(ISBLANK($B9),"",$B9) -> 4 | AZ9: =IF(ISBLANK($C9),"",$C9) | BH9: =IF(ISBLANK($G9),"",$G9) | BI9: =IF(OR(ISBLANK(BH9),BH9=""),"",BH9*100/BH$2) | BJ9: =IF(ISBLANK($B9),"",$B9) -> 4 | BK9: =IF(ISBLANK($C9),"",$C9) | CA9: =IF(ISBLANK($I9),"",$I9) | CB9: =IF(OR(ISBLANK(CA9),CA9=""),"",CA9*100/CA$2) | CC9: =IF(ISBLANK($B9),"",$B9) -> 4 | CD9: =IF(ISBLANK($C9),"",$C9) | CH9: =IF(ISBLANK($I9),"",$I9) | CI9: =IF(OR(ISBLANK(CH9),CH9=""),"",CH9*100/CH$2)
B10: 5 | P10: 4 baholar | Q10: =IF(ISBLANK(C6),"",COUNTIF(O6:O45,4)) | R10: =IF(ISBLANK($B10),"",$B10) -> 5 | S10: =IF(ISBLANK($C10),"",$C10) | AA10: =IF(ISBLANK($D10),"",$D10) | AB10: =IF(OR(ISBLANK(AA10),AA10=""),"",AA10*100/AA$2) | AC10: =IF(ISBLANK($B10),"",$B10) -> 5 | AD10: =IF(ISBLANK($C10),"",$C10) | AL10: =IF(ISBLANK($E10),"",$E10) | AM10: =IF(OR(ISBLANK(AL10),AL10=""),"",AL10*100/AL$2) | AN10: =IF(ISBLANK($B10),"",$B10) -> 5 | AO10: =IF(ISBLANK($C10),"",$C10) | AW10: =IF(ISBLANK($F10),"",$F10) | AX10: =IF(OR(ISBLANK(AW10),AW10=""),"",AW10*100/AW$2) | AY10: =IF(ISBLANK($B10),"",$B10) -> 5 | AZ10: =IF(ISBLANK($C10),"",$C10) | BH10: =IF(ISBLANK($G10),"",$G10) | BI10: =IF(OR(ISBLANK(BH10),BH10=""),"",BH10*100/BH$2) | BJ10: =IF(ISBLANK($B10),"",$B10) -> 5 | BK10: =IF(ISBLANK($C10),"",$C10) | CA10: =IF(ISBLANK($I10),"",$I10) | CB10: =IF(OR(ISBLANK(CA10),CA10=""),"",CA10*100/CA$2) | CC10: =IF(ISBLANK($B10),"",$B10) -> 5 | CD10: =IF(ISBLANK($C10),"",$C10) | CH10: =IF(ISBLANK($I10),"",$I10) | CI10: =IF(OR(ISBLANK(CH10),CH10=""),"",CH10*100/CH$2)
B11: 6 | P11: 3 baholar | Q11: =IF(ISBLANK(C6),"",COUNTIF(O6:O45,3)) | R11: =IF(ISBLANK($B11),"",$B11) -> 6 | S11: =IF(ISBLANK($C11),"",$C11) | AA11: =IF(ISBLANK($D11),"",$D11) | AB11: =IF(OR(ISBLANK(AA11),AA11=""),"",AA11*100/AA$2) | AC11: =IF(ISBLANK($B11),"",$B11) -> 6 | AD11: =IF(ISBLANK($C11),"",$C11) | AL11: =IF(ISBLANK($E11),"",$E11) | AM11: =IF(OR(ISBLANK(AL11),AL11=""),"",AL11*100/AL$2) | AN11: =IF(ISBLANK($B11),"",$B11) -> 6 | AO11: =IF(ISBLANK($C11),"",$C11) | AW11: =IF(ISBLANK($F11),"",$F11) | AX11: =IF(OR(ISBLANK(AW11),AW11=""),"",AW11*100/AW$2) | AY11: =IF(ISBLANK($B11),"",$B11) -> 6 | AZ11: =IF(ISBLANK($C11),"",$C11) | BH11: =IF(ISBLANK($G11),"",$G11) | BI11: =IF(OR(ISBLANK(BH11),BH11=""),"",BH11*100/BH$2) | BJ11: =IF(ISBLANK($B11),"",$B11) -> 6 | BK11: =IF(ISBLANK($C11),"",$C11) | CA11: =IF(ISBLANK($I11),"",$I11) | CB11: =IF(OR(ISBLANK(CA11),CA11=""),"",CA11*100/CA$2) | CC11: =IF(ISBLANK($B11),"",$B11) -> 6 | CD11: =IF(ISBLANK($C11),"",$C11) | CH11: =IF(ISBLANK($I11),"",$I11) | CI11: =IF(OR(ISBLANK(CH11),CH11=""),"",CH11*100/CH$2)
B12: 7 | P12: eng yuqori | Q12: =IF(ISBLANK(C6),"",MAX(J6:J45)) | R12: =IF(ISBLANK($B12),"",$B12) -> 7 | S12: =IF(ISBLANK($C12),"",$C12) | AA12: =IF(ISBLANK($D12),"",$D12) | AB12: =IF(OR(ISBLANK(AA12),AA12=""),"",AA12*100/AA$2) | AC12: =IF(ISBLANK($B12),"",$B12) -> 7 | AD12: =IF(ISBLANK($C12),"",$C12) | AL12: =IF(ISBLANK($E12),"",$E12) | AM12: =IF(OR(ISBLANK(AL12),AL12=""),"",AL12*100/AL$2) | AN12: =IF(ISBLANK($B12),"",$B12) -> 7 | AO12: =IF(ISBLANK($C12),"",$C12) | AW12: =IF(ISBLANK($F12),"",$F12) | AX12: =IF(OR(ISBLANK(AW12),AW12=""),"",AW12*100/AW$2) | AY12: =IF(ISBLANK($B12),"",$B12) -> 7 | AZ12: =IF(ISBLANK($C12),"",$C12) | BH12: =IF(ISBLANK($G12),"",$G12) | BI12: =IF(OR(ISBLANK(BH12),BH12=""),"",BH12*100/BH$2) | BJ12: =IF(ISBLANK($B12),"",$B12) -> 7 | BK12: =IF(ISBLANK($C12),"",$C12) | CA12: =IF(ISBLANK($I12),"",$I12) | CB12: =IF(OR(ISBLANK(CA12),CA12=""),"",CA12*100/CA$2) | CC12: =IF(ISBLANK($B12),"",$B12) -> 7 | CD12: =IF(ISBLANK($C12),"",$C12) | CH12: =IF(ISBLANK($I12),"",$I12) | CI12: =IF(OR(ISBLANK(CH12),CH12=""),"",CH12*100/CH$2)
B13: 8 | P13: eng past | Q13: =IF(ISBLANK(C6),"",MIN(J6:J45)) | R13: =IF(ISBLANK($B13),"",$B13) -> 8 | S13: =IF(ISBLANK($C13),"",$C13) | AA13: =IF(ISBLANK($D13),"",$D13) | AB13: =IF(OR(ISBLANK(AA13),AA13=""),"",AA13*100/AA$2) | AC13: =IF(ISBLANK($B13),"",$B13) -> 8 | AD13: =IF(ISBLANK($C13),"",$C13) | AL13: =IF(ISBLANK($E13),"",$E13) | AM13: =IF(OR(ISBLANK(AL13),AL13=""),"",AL13*100/AL$2) | AN13: =IF(ISBLANK($B13),"",$B13) -> 8 | AO13: =IF(ISBLANK($C13),"",$C13) | AW13: =IF(ISBLANK($F13),"",$F13) | AX13: =IF(OR(ISBLANK(AW13),AW13=""),"",AW13*100/AW$2) | AY13: =IF(ISBLANK($B13),"",$B13) -> 8 | AZ13: =IF(ISBLANK($C13),"",$C13) | BH13: =IF(ISBLANK($G13),"",$G13) | BI13: =IF(OR(ISBLANK(BH13),BH13=""),"",BH13*100/BH$2) | BJ13: =IF(ISBLANK($B13),"",$B13) -> 8 | BK13: =IF(ISBLANK($C13),"",$C13) | CA13: =IF(ISBLANK($I13),"",$I13) | CB13: =IF(OR(ISBLANK(CA13),CA13=""),"",CA13*100/CA$2) | CC13: =IF(ISBLANK($B13),"",$B13) -> 8 | CD13: =IF(ISBLANK($C13),"",$C13) | CH13: =IF(ISBLANK($I13),"",$I13) | CI13: =IF(OR(ISBLANK(CH13),CH13=""),"",CH13*100/CH$2)
B14: 9 | R14: =IF(ISBLANK($B14),"",$B14) -> 9 | S14: =IF(ISBLANK($C14),"",$C14) | AA14: =IF(ISBLANK($D14),"",$D14) | AB14: =IF(OR(ISBLANK(AA14),AA14=""),"",AA14*100/AA$2) | AC14: =IF(ISBLANK($B14),"",$B14) -> 9 | AD14: =IF(ISBLANK($C14),"",$C14) | AL14: =IF(ISBLANK($E14),"",$E14) | AM14: =IF(OR(ISBLANK(AL14),AL14=""),"",AL14*100/AL$2) | AN14: =IF(ISBLANK($B14),"",$B14) -> 9 | AO14: =IF(ISBLANK($C14),"",$C14) | AW14: =IF(ISBLANK($F14),"",$F14) | AX14: =IF(OR(ISBLANK(AW14),AW14=""),"",AW14*100/AW$2) | AY14: =IF(ISBLANK($B14),"",$B14) -> 9 | AZ14: =IF(ISBLANK($C14),"",$C14) | BH14: =IF(ISBLANK($G14),"",$G14) | BI14: =IF(OR(ISBLANK(BH14),BH14=""),"",BH14*100/BH$2) | BJ14: =IF(ISBLANK($B14),"",$B14) -> 9 | BK14: =IF(ISBLANK($C14),"",$C14) | CA14: =IF(ISBLANK($I14),"",$I14) | CB14: =IF(OR(ISBLANK(CA14),CA14=""),"",CA14*100/CA$2) | CC14: =IF(ISBLANK($B14),"",$B14) -> 9 | CD14: =IF(ISBLANK($C14),"",$C14) | CH14: =IF(ISBLANK($I14),"",$I14) | CI14: =IF(OR(ISBLANK(CH14),CH14=""),"",CH14*100/CH$2)
B15: 10 | R15: =IF(ISBLANK($B15),"",$B15) -> 10 | S15: =IF(ISBLANK($C15),"",$C15) | AA15: =IF(ISBLANK($D15),"",$D15) | AB15: =IF(OR(ISBLANK(AA15),AA15=""),"",AA15*100/AA$2) | AC15: =IF(ISBLANK($B15),"",$B15) -> 10 | AD15: =IF(ISBLANK($C15),"",$C15) | AL15: =IF(ISBLANK($E15),"",$E15) | AM15: =IF(OR(ISBLANK(AL15),AL15=""),"",AL15*100/AL$2) | AN15: =IF(ISBLANK($B15),"",$B15) -> 10 | AO15: =IF(ISBLANK($C15),"",$C15) | AW15: =IF(ISBLANK($F15),"",$F15) | AX15: =IF(OR(ISBLANK(AW15),AW15=""),"",AW15*100/AW$2) | AY15: =IF(ISBLANK($B15),"",$B15) -> 10 | AZ15: =IF(ISBLANK($C15),"",$C15) | BH15: =IF(ISBLANK($G15),"",$G15) | BI15: =IF(OR(ISBLANK(BH15),BH15=""),"",BH15*100/BH$2) | BJ15: =IF(ISBLANK($B15),"",$B15) -> 10 | BK15: =IF(ISBLANK($C15),"",$C15) | CA15: =IF(ISBLANK($I15),"",$I15) | CB15: =IF(OR(ISBLANK(CA15),CA15=""),"",CA15*100/CA$2) | CC15: =IF(ISBLANK($B15),"",$B15) -> 10 | CD15: =IF(ISBLANK($C15),"",$C15) | CH15: =IF(ISBLANK($I15),"",$I15) | CI15: =IF(OR(ISBLANK(CH15),CH15=""),"",CH15*100/CH$2)
B16: 11 | R16: =IF(ISBLANK($B16),"",$B16) -> 11 | S16: =IF(ISBLANK($C16),"",$C16) | AA16: =IF(ISBLANK($D16),"",$D16) | AB16: =IF(OR(ISBLANK(AA16),AA16=""),"",AA16*100/AA$2) | AC16: =IF(ISBLANK($B16),"",$B16) -> 11 | AD16: =IF(ISBLANK($C16),"",$C16) | AL16: =IF(ISBLANK($E16),"",$E16) | AM16: =IF(OR(ISBLANK(AL16),AL16=""),"",AL16*100/AL$2) | AN16: =IF(ISBLANK($B16),"",$B16) -> 11 | AO16: =IF(ISBLANK($C16),"",$C16) | AW16: =IF(ISBLANK($F16),"",$F16) | AX16: =IF(OR(ISBLANK(AW16),AW16=""),"",AW16*100/AW$2) | AY16: =IF(ISBLANK($B16),"",$B16) -> 11 | AZ16: =IF(ISBLANK($C16),"",$C16) | BH16: =IF(ISBLANK($G16),"",$G16) | BI16: =IF(OR(ISBLANK(BH16),BH16=""),"",BH16*100/BH$2) | BJ16: =IF(ISBLANK($B16),"",$B16) -> 11 | BK16: =IF(ISBLANK($C16),"",$C16) | CA16: =IF(ISBLANK($I16),"",$I16) | CB16: =IF(OR(ISBLANK(CA16),CA16=""),"",CA16*100/CA$2) | CC16: =IF(ISBLANK($B16),"",$B16) -> 11 | CD16: =IF(ISBLANK($C16),"",$C16) | CH16: =IF(ISBLANK($I16),"",$I16) | CI16: =IF(OR(ISBLANK(CH16),CH16=""),"",CH16*100/CH$2)
B17: 12 | R17: =IF(ISBLANK($B17),"",$B17) -> 12 | S17: =IF(ISBLANK($C17),"",$C17) | AA17: =IF(ISBLANK($D17),"",$D17) | AB17: =IF(OR(ISBLANK(AA17),AA17=""),"",AA17*100/AA$2) | AC17: =IF(ISBLANK($B17),"",$B17) -> 12 | AD17: =IF(ISBLANK($C17),"",$C17) | AL17: =IF(ISBLANK($E17),"",$E17) | AM17: =IF(OR(ISBLANK(AL17),AL17=""),"",AL17*100/AL$2) | AN17: =IF(ISBLANK($B17),"",$B17) -> 12 | AO17: =IF(ISBLANK($C17),"",$C17) | AW17: =IF(ISBLANK($F17),"",$F17) | AX17: =IF(OR(ISBLANK(AW17),AW17=""),"",AW17*100/AW$2) | AY17: =IF(ISBLANK($B17),"",$B17) -> 12 | AZ17: =IF(ISBLANK($C17),"",$C17) | BH17: =IF(ISBLANK($G17),"",$G17) | BI17: =IF(OR(ISBLANK(BH17),BH17=""),"",BH17*100/BH$2) | BJ17: =IF(ISBLANK($B17),"",$B17) -> 12 | BK17: =IF(ISBLANK($C17),"",$C17) | CA17: =IF(ISBLANK($I17),"",$I17) | CB17: =IF(OR(ISBLANK(CA17),CA17=""),"",CA17*100/CA$2) | CC17: =IF(ISBLANK($B17),"",$B17) -> 12 | CD17: =IF(ISBLANK($C17),"",$C17) | CH17: =IF(ISBLANK($I17),"",$I17) | CI17: =IF(OR(ISBLANK(CH17),CH17=""),"",CH17*100/CH$2)
B18: 13 | R18: =IF(ISBLANK($B18),"",$B18) -> 13 | S18: =IF(ISBLANK($C18),"",$C18) | AA18: =IF(ISBLANK($D18),"",$D18) | AB18: =IF(OR(ISBLANK(AA18),AA18=""),"",AA18*100/AA$2) | AC18: =IF(ISBLANK($B18),"",$B18) -> 13 | AD18: =IF(ISBLANK($C18),"",$C18) | AL18: =IF(ISBLANK($E18),"",$E18) | AM18: =IF(OR(ISBLANK(AL18),AL18=""),"",AL18*100/AL$2) | AN18: =IF(ISBLANK($B18),"",$B18) -> 13 | AO18: =IF(ISBLANK($C18),"",$C18) | AW18: =IF(ISBLANK($F18),"",$F18) | AX18: =IF(OR(ISBLANK(AW18),AW18=""),"",AW18*100/AW$2) | AY18: =IF(ISBLANK($B18),"",$B18) -> 13 | AZ18: =IF(ISBLANK($C18),"",$C18) | BH18: =IF(ISBLANK($G18),"",$G18) | BI18: =IF(OR(ISBLANK(BH18),BH18=""),"",BH18*100/BH$2) | BJ18: =IF(ISBLANK($B18),"",$B18) -> 13 | BK18: =IF(ISBLANK($C18),"",$C18) | CA18: =IF(ISBLANK($I18),"",$I18) | CB18: =IF(OR(ISBLANK(CA18),CA18=""),"",CA18*100/CA$2) | CC18: =IF(ISBLANK($B18),"",$B18) -> 13 | CD18: =IF(ISBLANK($C18),"",$C18) | CH18: =IF(ISBLANK($I18),"",$I18) | CI18: =IF(OR(ISBLANK(CH18),CH18=""),"",CH18*100/CH$2)
B19: 14 | R19: =IF(ISBLANK($B19),"",$B19) -> 14 | S19: =IF(ISBLANK($C19),"",$C19) | AA19: =IF(ISBLANK($D19),"",$D19) | AB19: =IF(OR(ISBLANK(AA19),AA19=""),"",AA19*100/AA$2) | AC19: =IF(ISBLANK($B19),"",$B19) -> 14 | AD19: =IF(ISBLANK($C19),"",$C19) | AL19: =IF(ISBLANK($E19),"",$E19) | AM19: =IF(OR(ISBLANK(AL19),AL19=""),"",AL19*100/AL$2) | AN19: =IF(ISBLANK($B19),"",$B19) -> 14 | AO19: =IF(ISBLANK($C19),"",$C19) | AW19: =IF(ISBLANK($F19),"",$F19) | AX19: =IF(OR(ISBLANK(AW19),AW19=""),"",AW19*100/AW$2) | AY19: =IF(ISBLANK($B19),"",$B19) -> 14 | AZ19: =IF(ISBLANK($C19),"",$C19) | BH19: =IF(ISBLANK($G19),"",$G19) | BI19: =IF(OR(ISBLANK(BH19),BH19=""),"",BH19*100/BH$2) | BJ19: =IF(ISBLANK($B19),"",$B19) -> 14 | BK19: =IF(ISBLANK($C19),"",$C19) | CA19: =IF(ISBLANK($I19),"",$I19) | CB19: =IF(OR(ISBLANK(CA19),CA19=""),"",CA19*100/CA$2) | CC19: =IF(ISBLANK($B19),"",$B19) -> 14 | CD19: =IF(ISBLANK($C19),"",$C19) | CH19: =IF(ISBLANK($I19),"",$I19) | CI19: =IF(OR(ISBLANK(CH19),CH19=""),"",CH19*100/CH$2)
B20: 15 | R20: =IF(ISBLANK($B20),"",$B20) -> 15 | S20: =IF(ISBLANK($C20),"",$C20) | AA20: =IF(ISBLANK($D20),"",$D20) | AB20: =IF(OR(ISBLANK(AA20),AA20=""),"",AA20*100/AA$2) | AC20: =IF(ISBLANK($B20),"",$B20) -> 15 | AD20: =IF(ISBLANK($C20),"",$C20) | AL20: =IF(ISBLANK($E20),"",$E20) | AM20: =IF(OR(ISBLANK(AL20),AL20=""),"",AL20*100/AL$2) | AN20: =IF(ISBLANK($B20),"",$B20) -> 15 | AO20: =IF(ISBLANK($C20),"",$C20) | AW20: =IF(ISBLANK($F20),"",$F20) | AX20: =IF(OR(ISBLANK(AW20),AW20=""),"",AW20*100/AW$2) | AY20: =IF(ISBLANK($B20),"",$B20) -> 15 | AZ20: =IF(ISBLANK($C20),"",$C20) | BH20: =IF(ISBLANK($G20),"",$G20) | BI20: =IF(OR(ISBLANK(BH20),BH20=""),"",BH20*100/BH$2) | BJ20: =IF(ISBLANK($B20),"",$B20) -> 15 | BK20: =IF(ISBLANK($C20),"",$C20) | CA20: =IF(ISBLANK($I20),"",$I20) | CB20: =IF(OR(ISBLANK(CA20),CA20=""),"",CA20*100/CA$2) | CC20: =IF(ISBLANK($B20),"",$B20) -> 15 | CD20: =IF(ISBLANK($C20),"",$C20) | CH20: =IF(ISBLANK($I20),"",$I20) | CI20: =IF(OR(ISBLANK(CH20),CH20=""),"",CH20*100/CH$2)
B21: 16 | R21: =IF(ISBLANK($B21),"",$B21) -> 16 | S21: =IF(ISBLANK($C21),"",$C21) | AA21: =IF(ISBLANK($D21),"",$D21) | AB21: =IF(OR(ISBLANK(AA21),AA21=""),"",AA21*100/AA$2) | AC21: =IF(ISBLANK($B21),"",$B21) -> 16 | AD21: =IF(ISBLANK($C21),"",$C21) | AL21: =IF(ISBLANK($E21),"",$E21) | AM21: =IF(OR(ISBLANK(AL21),AL21=""),"",AL21*100/AL$2) | AN21: =IF(ISBLANK($B21),"",$B21) -> 16 | AO21: =IF(ISBLANK($C21),"",$C21) | AW21: =IF(ISBLANK($F21),"",$F21) | AX21: =IF(OR(ISBLANK(AW21),AW21=""),"",AW21*100/AW$2) | AY21: =IF(ISBLANK($B21),"",$B21) -> 16 | AZ21: =IF(ISBLANK($C21),"",$C21) | BH21: =IF(ISBLANK($G21),"",$G21) | BI21: =IF(OR(ISBLANK(BH21),BH21=""),"",BH21*100/BH$2) | BJ21: =IF(ISBLANK($B21),"",$B21) -> 16 | BK21: =IF(ISBLANK($C21),"",$C21) | CA21: =IF(ISBLANK($I21),"",$I21) | CB21: =IF(OR(ISBLANK(CA21),CA21=""),"",CA21*100/CA$2) | CC21: =IF(ISBLANK($B21),"",$B21) -> 16 | CD21: =IF(ISBLANK($C21),"",$C21) | CH21: =IF(ISBLANK($I21),"",$I21) | CI21: =IF(OR(ISBLANK(CH21),CH21=""),"",CH21*100/CH$2)
B22: 17 | R22: =IF(ISBLANK($B22),"",$B22) -> 17 | S22: =IF(ISBLANK($C22),"",$C22) | AA22: =IF(ISBLANK($D22),"",$D22) | AB22: =IF(OR(ISBLANK(AA22),AA22=""),"",AA22*100/AA$2) | AC22: =IF(ISBLANK($B22),"",$B22) -> 17 | AD22: =IF(ISBLANK($C22),"",$C22) | AL22: =IF(ISBLANK($E22),"",$E22) | AM22: =IF(OR(ISBLANK(AL22),AL22=""),"",AL22*100/AL$2) | AN22: =IF(ISBLANK($B22),"",$B22) -> 17 | AO22: =IF(ISBLANK($C22),"",$C22) | AW22: =IF(ISBLANK($F22),"",$F22) | AX22: =IF(OR(ISBLANK(AW22),AW22=""),"",AW22*100/AW$2) | AY22: =IF(ISBLANK($B22),"",$B22) -> 17 | AZ22: =IF(ISBLANK($C22),"",$C22) | BH22: =IF(ISBLANK($G22),"",$G22) | BI22: =IF(OR(ISBLANK(BH22),BH22=""),"",BH22*100/BH$2) | BJ22: =IF(ISBLANK($B22),"",$B22) -> 17 | BK22: =IF(ISBLANK($C22),"",$C22) | CA22: =IF(ISBLANK($I22),"",$I22) | CB22: =IF(OR(ISBLANK(CA22),CA22=""),"",CA22*100/CA$2) | CC22: =IF(ISBLANK($B22),"",$B22) -> 17 | CD22: =IF(ISBLANK($C22),"",$C22) | CH22: =IF(ISBLANK($I22),"",$I22) | CI22: =IF(OR(ISBLANK(CH22),CH22=""),"",CH22*100/CH$2)
B23: 18 | R23: =IF(ISBLANK($B23),"",$B23) -> 18 | S23: =IF(ISBLANK($C23),"",$C23) | AA23: =IF(ISBLANK($D23),"",$D23) | AB23: =IF(OR(ISBLANK(AA23),AA23=""),"",AA23*100/AA$2) | AC23: =IF(ISBLANK($B23),"",$B23) -> 18 | AD23: =IF(ISBLANK($C23),"",$C23) | AL23: =IF(ISBLANK($E23),"",$E23) | AM23: =IF(OR(ISBLANK(AL23),AL23=""),"",AL23*100/AL$2) | AN23: =IF(ISBLANK($B23),"",$B23) -> 18 | AO23: =IF(ISBLANK($C23),"",$C23) | AW23: =IF(ISBLANK($F23),"",$F23) | AX23: =IF(OR(ISBLANK(AW23),AW23=""),"",AW23*100/AW$2) | AY23: =IF(ISBLANK($B23),"",$B23) -> 18 | AZ23: =IF(ISBLANK($C23),"",$C23) | BH23: =IF(ISBLANK($G23),"",$G23) | BI23: =IF(OR(ISBLANK(BH23),BH23=""),"",BH23*100/BH$2) | BJ23: =IF(ISBLANK($B23),"",$B23) -> 18 | BK23: =IF(ISBLANK($C23),"",$C23) | CA23: =IF(ISBLANK($I23),"",$I23) | CB23: =IF(OR(ISBLANK(CA23),CA23=""),"",CA23*100/CA$2) | CC23: =IF(ISBLANK($B23),"",$B23) -> 18 | CD23: =IF(ISBLANK($C23),"",$C23) | CH23: =IF(ISBLANK($I23),"",$I23) | CI23: =IF(OR(ISBLANK(CH23),CH23=""),"",CH23*100/CH$2)
B24: 19 | R24: =IF(ISBLANK($B24),"",$B24) -> 19 | S24: =IF(ISBLANK($C24),"",$C24) | AA24: =IF(ISBLANK($D24),"",$D24) | AB24: =IF(OR(ISBLANK(AA24),AA24=""),"",AA24*100/AA$2) | AC24: =IF(ISBLANK($B24),"",$B24) -> 19 | AD24: =IF(ISBLANK($C24),"",$C24) | AL24: =IF(ISBLANK($E24),"",$E24) | AM24: =IF(OR(ISBLANK(AL24),AL24=""),"",AL24*100/AL$2) | AN24: =IF(ISBLANK($B24),"",$B24) -> 19 | AO24: =IF(ISBLANK($C24),"",$C24) | AW24: =IF(ISBLANK($F24),"",$F24) | AX24: =IF(OR(ISBLANK(AW24),AW24=""),"",AW24*100/AW$2) | AY24: =IF(ISBLANK($B24),"",$B24) -> 19 | AZ24: =IF(ISBLANK($C24),"",$C24) | BH24: =IF(ISBLANK($G24),"",$G24) | BI24: =IF(OR(ISBLANK(BH24),BH24=""),"",BH24*100/BH$2) | BJ24: =IF(ISBLANK($B24),"",$B24) -> 19 | BK24: =IF(ISBLANK($C24),"",$C24) | CA24: =IF(ISBLANK($I24),"",$I24) | CB24: =IF(OR(ISBLANK(CA24),CA24=""),"",CA24*100/CA$2) | CC24: =IF(ISBLANK($B24),"",$B24) -> 19 | CD24: =IF(ISBLANK($C24),"",$C24) | CH24: =IF(ISBLANK($I24),"",$I24) | CI24: =IF(OR(ISBLANK(CH24),CH24=""),"",CH24*100/CH$2)
B25: 20 | R25: =IF(ISBLANK($B25),"",$B25) -> 20 | S25: =IF(ISBLANK($C25),"",$C25) | AA25: =IF(ISBLANK($D25),"",$D25) | AB25: =IF(OR(ISBLANK(AA25),AA25=""),"",AA25*100/AA$2) | AC25: =IF(ISBLANK($B25),"",$B25) -> 20 | AD25: =IF(ISBLANK($C25),"",$C25) | AL25: =IF(ISBLANK($E25),"",$E25) | AM25: =IF(OR(ISBLANK(AL25),AL25=""),"",AL25*100/AL$2) | AN25: =IF(ISBLANK($B25),"",$B25) -> 20 | AO25: =IF(ISBLANK($C25),"",$C25) | AW25: =IF(ISBLANK($F25),"",$F25) | AX25: =IF(OR(ISBLANK(AW25),AW25=""),"",AW25*100/AW$2) | AY25: =IF(ISBLANK($B25),"",$B25) -> 20 | AZ25: =IF(ISBLANK($C25),"",$C25) | BH25: =IF(ISBLANK($G25),"",$G25) | BI25: =IF(OR(ISBLANK(BH25),BH25=""),"",BH25*100/BH$2) | BJ25: =IF(ISBLANK($B25),"",$B25) -> 20 | BK25: =IF(ISBLANK($C25),"",$C25) | CA25: =IF(ISBLANK($I25),"",$I25) | CB25: =IF(OR(ISBLANK(CA25),CA25=""),"",CA25*100/CA$2) | CC25: =IF(ISBLANK($B25),"",$B25) -> 20 | CD25: =IF(ISBLANK($C25),"",$C25) | CH25: =IF(ISBLANK($I25),"",$I25) | CI25: =IF(OR(ISBLANK(CH25),CH25=""),"",CH25*100/CH$2)
... B43: 38 | R43: =IF(ISBLANK($B43),"",$B43) -> 38 | S43: =IF(ISBLANK($C43),"",$C43) | AA43: =IF(ISBLANK($D43),"",$D43) | AB43: =IF(OR(ISBLANK(AA43),AA43=""),"",AA43*100/AA$2) | AC43: =IF(ISBLANK($B43),"",$B43) -> 38 | AD43: =IF(ISBLANK($C43),"",$C43) | AL43: =IF(ISBLANK($E43),"",$E43) | AM43: =IF(OR(ISBLANK(AL43),AL43=""),"",AL43*100/AL$2) | AN43: =IF(ISBLANK($B43),"",$B43) -> 38 | AO43: =IF(ISBLANK($C43),"",$C43) | AW43: =IF(ISBLANK($F43),"",$F43) | AX43: =IF(OR(ISBLANK(AW43),AW43=""),"",AW43*100/AW$2) | AY43: =IF(ISBLANK($B43),"",$B43) -> 38 | AZ43: =IF(ISBLANK($C43),"",$C43) | BH43: =IF(ISBLANK($G43),"",$G43) | BI43: =IF(OR(ISBLANK(BH43),BH43=""),"",BH43*100/BH$2) | BJ43: =IF(ISBLANK($B43),"",$B43) -> 38 | BK43: =IF(ISBLANK($C43),"",$C43) | CA43: =IF(ISBLANK($I43),"",$I43) | CB43: =IF(OR(ISBLANK(CA43),CA43=""),"",CA43*100/CA$2) | CC43: =IF(ISBLANK($B43),"",$B43) -> 38 | CD43: =IF(ISBLANK($C43),"",$C43) | CH43: =IF(ISBLANK($I43),"",$I43) | CI43: =IF(OR(ISBLANK(CH43),CH43=""),"",CH43*100/CH$2)
B44: 39 | R44: =IF(ISBLANK($B44),"",$B44) -> 39 | S44: =IF(ISBLANK($C44),"",$C44) | AA44: =IF(ISBLANK($D44),"",$D44) | AB44: =IF(OR(ISBLANK(AA44),AA44=""),"",AA44*100/AA$2) | AC44: =IF(ISBLANK($B44),"",$B44) -> 39 | AD44: =IF(ISBLANK($C44),"",$C44) | AL44: =IF(ISBLANK($E44),"",$E44) | AM44: =IF(OR(ISBLANK(AL44),AL44=""),"",AL44*100/AL$2) | AN44: =IF(ISBLANK($B44),"",$B44) -> 39 | AO44: =IF(ISBLANK($C44),"",$C44) | AW44: =IF(ISBLANK($F44),"",$F44) | AX44: =IF(OR(ISBLANK(AW44),AW44=""),"",AW44*100/AW$2) | AY44: =IF(ISBLANK($B44),"",$B44) -> 39 | AZ44: =IF(ISBLANK($C44),"",$C44) | BH44: =IF(ISBLANK($G44),"",$G44) | BI44: =IF(OR(ISBLANK(BH44),BH44=""),"",BH44*100/BH$2) | BJ44: =IF(ISBLANK($B44),"",$B44) -> 39 | BK44: =IF(ISBLANK($C44),"",$C44) | CA44: =IF(ISBLANK($I44),"",$I44) | CC44: =IF(ISBLANK($B44),"",$B44) -> 39 | CD44: =IF(ISBLANK($C44),"",$C44) | CH44: =IF(ISBLANK($I44),"",$I44)
B45: 40 | R45: =IF(ISBLANK($B45),"",$B45) -> 40 | S45: =IF(ISBLANK($C45),"",$C45) | AA45: =IF(ISBLANK($D45),"",$D45) | AB45: =IF(OR(ISBLANK(AA45),AA45=""),"",AA45*100/AA$2) | AC45: =IF(ISBLANK($B45),"",$B45) -> 40 | AD45: =IF(ISBLANK($C45),"",$C45) | AL45: =IF(ISBLANK($E45),"",$E45) | AM45: =IF(OR(ISBLANK(AL45),AL45=""),"",AL45*100/AL$2) | AN45: =IF(ISBLANK($B45),"",$B45) -> 40 | AO45: =IF(ISBLANK($C45),"",$C45) | AW45: =IF(ISBLANK($F45),"",$F45) | AX45: =IF(OR(ISBLANK(AW45),AW45=""),"",AW45*100/AW$2) | AY45: =IF(ISBLANK($B45),"",$B45) -> 40 | AZ45: =IF(ISBLANK($C45),"",$C45) | BH45: =IF(ISBLANK($G45),"",$G45) | BI45: =IF(OR(ISBLANK(BH45),BH45=""),"",BH45*100/BH$2) | BJ45: =IF(ISBLANK($B45),"",$B45) -> 40 | BK45: =IF(ISBLANK($C45),"",$C45) | CA45: =IF(ISBLANK($I45),"",$I45) | CC45: =IF(ISBLANK($B45),"",$B45) -> 40 | CD45: =IF(ISBLANK($C45),"",$C45) | CH45: =IF(ISBLANK($I45),"",$I45)
AA46: 3 | AB46: 30 | AL46: 3 | AM46: 30 | AW46: 3 | AX46: 30 | BH46: 3 | BI46: 30 | CA46: 10 | CB46: 30 | CH46: 10 | CI46: 30
R47: o'rtacha | AA47: =IF(ISBLANK(AB47),"",AB47) -> #DIV/0! | AB47: =AVERAGE(AB6:AB45) -> #DIV/0! | AC47: o'rtacha | AL47: =IF(ISBLANK(AM47),"",AM47) | AM47: =IF(ISERROR(AVERAGE(AM6:AM45)),"",AVERAGE(AM6:AM45)) | AN47: o'rtacha | AW47: =IF(ISBLANK(AX47),"",AX47) | AX47: =IF(ISERROR(AVERAGE(AX6:AX45)),"",AVERAGE(AX6:AX45)) | AY47: o'rtacha | BH47: =IF(ISBLANK(BI47),"",BI47) | BI47: =IF(ISERROR(AVERAGE(BI6:BI45)),"",AVERAGE(BI6:BI45)) | BJ47: o'rtacha | CA47: =IF(ISBLANK(CB47),"",CB47) | CB47: =IF(ISERROR(AVERAGE(CB6:CB45)),"",AVERAGE(CB6:CB45)) | CC47: o'rtacha | CH47: =IF(ISBLANK(CI47),"",CI47) | CI47: =IF(ISERROR(AVERAGE(CI6:CI45)),"",AVERAGE(CI6:CI45))
C48: Fan o`qituvchisi:
R49: Fan o`qituvchisi: _____________________________________ | T49: =IF(ISBLANK($G48),"",$G48) | AC49: Fan o`qituvchisi: _____________________________________ | AE49: =IF(ISBLANK($G48),"",$G48) | AN49: Fan o`qituvchisi: _____________________________________ | AP49: =IF(ISBLANK($G48),"",$G48) | AY49: Fan o`qituvchisi: _____________________________________ | BA49: =IF(ISBLANK($G48),"",$G48) | BJ49: Fan o`qituvchisi: _____________________________________ | BP49: =IF(ISBLANK($G48),"",$G48) | CC49: Fan o`qituvchisi: _____________________________________ | CE49: =IF(ISBLANK($G48),"",$G48)
B50: CHORAKLIK NATIJALAR | R50: _________________ kuni olingan ____BSB/Loyiha ishi NATIJALARI | AC50: _________________ kuni olingan ____BSB/Loyiha ishi NATIJALARI | AN50: _________________ kuni olingan ____BSB/Loyiha ishi NATIJALARI | AY50: _________________ kuni olingan ____BSB/Loyiha ishi NATIJALARI | BJ50: _________________ kuni olingan ____CHSB NATIJALARI | CC50: _________________ kuni olingan ____CHSB NATIJALARI
B51: fan | D51: chorak | F51: sinf | R51: =$B$2 -> fan | S51: =$C$2 -> 0 | T51: =$D$2 -> chorak | U51: =$E$2 -> 0 | V51: =$F$2 -> sinf | W51: =$G$2 -> 0 | AA51: =IF(MAX(AA55:AA94)>40,50,IF(MAX(AA55:AA94)>20,25,IF(MAX(AA55:AA94)>15,20,IF(MAX(AA55:AA94)>8,10)))) -> FALSE | AB51: ball | AC51: =$B$2 -> fan | AD51: =$C$2 -> 0 | AE51: =$D$2 -> chorak | AF51: =$E$2 -> 0 | AG51: =$F$2 -> sinf | AH51: =$G$2 -> 0 | AL51: =IF(MAX(AL55:AL94)>40,50,IF(MAX(AL55:AL94)>20,25,IF(MAX(AL55:AL94)>15,20,IF(MAX(AL55:AL94)>8,10)))) -> FALSE | AM51: ball | AN51: =$B$2 -> fan | AO51: =$C$2 -> 0 | AP51: =$D$2 -> chorak | AQ51: =$E$2 -> 0 | AR51: =$F$2 -> sinf | AS51: =$G$2 -> 0 | AW51: =IF(MAX(AW55:AW94)>40,50,IF(MAX(AW55:AW94)>20,25,IF(MAX(AW55:AW94)>15,20,IF(MAX(AW55:AW94)>8,10)))) -> FALSE | AX51: ball | AY51: =$B$2 -> fan | AZ51: =$C$2 -> 0 | BA51: =$D$2 -> chorak | BB51: =$E$2 -> 0 | BC51: =$F$2 -> sinf | BD51: =$G$2 -> 0 | BH51: =IF(MAX(BH55:BH94)>40,50,IF(MAX(BH55:BH94)>20,25,IF(MAX(BH55:BH94)>15,20,IF(MAX(BH55:BH94)>8,10)))) -> FALSE | BI51: ball | BJ51: fan | BK51: =$C$2 -> 0 | BL51: chorak | BO51: =$E$2 -> 0 | BR51: sinf | BT51: =$G$2 -> 0 | CA51: 40 | CB51: ball | CC51: fan | CD51: =$C$2 -> 0 | CE51: ="chorak: "&$E$2 -> chorak: | CG51: ="sinf: "& $G$2 -> sinf: | CH51: 40 | CI51: ball
B53: T/r | C53: F.I.SH | D53: summativ baholash bo'yicha ballar | O53: chorak bahosi | P53: fan | Q53: =IF(ISBLANK(C51),"",C51) | R53: T/r | S53: F.I.SH | T53: Baholash mezoni | AA53: Jami ball | AB53: Foizda | AC53: T/r | AD53: F.I.SH | AE53: Baholash mezoni | AL53: Jami ball | AM53: Foizda | AN53: T/r | AO53: F.I.SH | AP53: Baholash mezoni | AW53: Jami ball | AX53: Foizda | AY53: T/r | AZ53: F.I.SH | BA53: Baholash mezoni | BH53: Jami ball | BI53: Foizda | BJ53: T/r | BK53: F.I.SH | BL53: Baholash mezoni | CA53: Jami ball 40 | CB53: Foizda | CC53: T/r | CD53: F.I.SH | CE53: Baholash mezoni | CH53: Jami ball 40 | CI53: Foizda
D54: BSB | E54: BSB | F54: BSB | G54: LI/Lab | H54: FB (10) | I54: CHSB (40) | J54: Jami ball (100) | N54: tahlil % da | T54: 1 | U54: 2 | V54: 3 | W54: 4 | X54: 5 | Y54: 6 | Z54: 7 | AE54: 1 | AF54: 2 | AG54: 3 | AH54: 4 | AI54: 5 | AJ54: 6 | AK54: 7 | AP54: 1 | AQ54: 2 | AR54: 3 | AS54: 4 | AT54: 5 | AU54: 6 | AV54: 7 | BA54: 1 | BB54: 2 | BC54: 3 | BD54: 4 | BE54: 5 | BF54: 6 | BG54: 7 | BL54: 1 | BM54: 2 | BN54: 3 | BO54: 4 | BP54: 5 | BQ54: 6 | BR54: 7 | BS54: 8 | BT54: 9 | BU54: 10 | BV54: 11 | BW54: 12 | BX54: 13 | BY54: 14 | BZ54: 15 | CE54: "Bilish (to'g'ri javoblar soni)" | CF54: "qo'llash (to'g'ri javoblar soni)" | CG54: "Mulohaza (to'g'ri javoblar soni)"
B55: 1 | P55: sinf | Q55: =IF(ISBLANK(G51),"",G51) | R55: =IF(ISBLANK($B55),"",$B55) -> 1 | S55: =IF(ISBLANK($C55),"",$C55) | AA55: =IF(ISBLANK($D55),"",$D55) | AB55: =IF(OR(ISBLANK(AA55),AA55=""),"",AA55*100/AA$2) | AC55: =IF(ISBLANK($B55),"",$B55) -> 1 | AD55: =IF(ISBLANK($C55),"",$C55) | AL55: =IF(ISBLANK($E55),"",$E55) | AM55: =IF(OR(ISBLANK(AL55),AL55=""),"",AL55*100/AL$2) | AN55: =IF(ISBLANK($B55),"",$B55) -> 1 | AO55: =IF(ISBLANK($C55),"",$C55) | AW55: =IF(ISBLANK($F55),"",$F55) | AX55: =IF(OR(ISBLANK(AW55),AW55=""),"",AW55*100/AW$2) | AY55: =IF(ISBLANK($B55),"",$B55) -> 1 | AZ55: =IF(ISBLANK($C55),"",$C55) | BH55: =IF(ISBLANK($G55),"",$G55) | BI55: =IF(OR(ISBLANK(BH55),BH55=""),"",BH55*100/BH$2) | BJ55: =IF(ISBLANK($B55),"",$B55) -> 1 | BK55: =IF(ISBLANK($C55),"",$C55) | CA55: =IF(ISBLANK($I55),"",$I55) | CB55: =IF(OR(ISBLANK(CA55),CA55=""),"",CA55*100/CA$2) | CC55: =IF(ISBLANK($B55),"",$B55) -> 1 | CD55: =IF(ISBLANK($C55),"",$C55) | CH55: =IF(ISBLANK($I55),"",$I55) | CI55: =IF(OR(ISBLANK(CH55),CH55=""),"",CH55*100/CH$2)
B56: 2 | P56: chorak | Q56: 2 | R56: =IF(ISBLANK($B56),"",$B56) -> 2 | S56: =IF(ISBLANK($C56),"",$C56) | AA56: =IF(ISBLANK($D56),"",$D56) | AB56: =IF(OR(ISBLANK(AA56),AA56=""),"",AA56*100/AA$2) | AC56: =IF(ISBLANK($B56),"",$B56) -> 2 | AD56: =IF(ISBLANK($C56),"",$C56) | AL56: =IF(ISBLANK($E56),"",$E56) | AM56: =IF(OR(ISBLANK(AL56),AL56=""),"",AL56*100/AL$2) | AN56: =IF(ISBLANK($B56),"",$B56) -> 2 | AO56: =IF(ISBLANK($C56),"",$C56) | AW56: =IF(ISBLANK($F56),"",$F56) | AX56: =IF(OR(ISBLANK(AW56),AW56=""),"",AW56*100/AW$2) | AY56: =IF(ISBLANK($B56),"",$B56) -> 2 | AZ56: =IF(ISBLANK($C56),"",$C56) | BH56: =IF(ISBLANK($G56),"",$G56) | BI56: =IF(OR(ISBLANK(BH56),BH56=""),"",BH56*100/BH$2) | BJ56: =IF(ISBLANK($B56),"",$B56) -> 2 | BK56: =IF(ISBLANK($C56),"",$C56) | CA56: =IF(ISBLANK($I56),"",$I56) | CB56: =IF(OR(ISBLANK(CA56),CA56=""),"",CA56*100/CA$2) | CC56: =IF(ISBLANK($B56),"",$B56) -> 2 | CD56: =IF(ISBLANK($C56),"",$C56) | CH56: =IF(ISBLANK($I56),"",$I56) | CI56: =IF(OR(ISBLANK(CH56),CH56=""),"",CH56*100/CH$2)
B57: 3 | P57: o'rtacha | Q57: =IF(ISBLANK(C55),"",AVERAGE(J55:J94)) | R57: =IF(ISBLANK($B57),"",$B57) -> 3 | S57: =IF(ISBLANK($C57),"",$C57) | AA57: =IF(ISBLANK($D57),"",$D57) | AB57: =IF(OR(ISBLANK(AA57),AA57=""),"",AA57*100/AA$2) | AC57: =IF(ISBLANK($B57),"",$B57) -> 3 | AD57: =IF(ISBLANK($C57),"",$C57) | AL57: =IF(ISBLANK($E57),"",$E57) | AM57: =IF(OR(ISBLANK(AL57),AL57=""),"",AL57*100/AL$2) | AN57: =IF(ISBLANK($B57),"",$B57) -> 3 | AO57: =IF(ISBLANK($C57),"",$C57) | AW57: =IF(ISBLANK($F57),"",$F57) | AX57: =IF(OR(ISBLANK(AW57),AW57=""),"",AW57*100/AW$2) | AY57: =IF(ISBLANK($B57),"",$B57) -> 3 | AZ57: =IF(ISBLANK($C57),"",$C57) | BH57: =IF(ISBLANK($G57),"",$G57) | BI57: =IF(OR(ISBLANK(BH57),BH57=""),"",BH57*100/BH$2) | BJ57: =IF(ISBLANK($B57),"",$B57) -> 3 | BK57: =IF(ISBLANK($C57),"",$C57) | CA57: =IF(ISBLANK($I57),"",$I57) | CB57: =IF(OR(ISBLANK(CA57),CA57=""),"",CA57*100/CA$2) | CC57: =IF(ISBLANK($B57),"",$B57) -> 3 | CD57: =IF(ISBLANK($C57),"",$C57) | CH57: =IF(ISBLANK($I57),"",$I57) | CI57: =IF(OR(ISBLANK(CH57),CH57=""),"",CH57*100/CH$2)
B58: 4 | P58: 5 baholar | Q58: =IF(ISBLANK(C55),"",COUNTIF(O55:O94,5)) | R58: =IF(ISBLANK($B58),"",$B58) -> 4 | S58: =IF(ISBLANK($C58),"",$C58) | AA58: =IF(ISBLANK($D58),"",$D58) | AB58: =IF(OR(ISBLANK(AA58),AA58=""),"",AA58*100/AA$2) | AC58: =IF(ISBLANK($B58),"",$B58) -> 4 | AD58: =IF(ISBLANK($C58),"",$C58) | AL58: =IF(ISBLANK($E58),"",$E58) | AM58: =IF(OR(ISBLANK(AL58),AL58=""),"",AL58*100/AL$2) | AN58: =IF(ISBLANK($B58),"",$B58) -> 4 | AO58: =IF(ISBLANK($C58),"",$C58) | AW58: =IF(ISBLANK($F58),"",$F58) | AX58: =IF(OR(ISBLANK(AW58),AW58=""),"",AW58*100/AW$2) | AY58: =IF(ISBLANK($B58),"",$B58) -> 4 | AZ58: =IF(ISBLANK($C58),"",$C58) | BH58: =IF(ISBLANK($G58),"",$G58) | BI58: =IF(OR(ISBLANK(BH58),BH58=""),"",BH58*100/BH$2) | BJ58: =IF(ISBLANK($B58),"",$B58) -> 4 | BK58: =IF(ISBLANK($C58),"",$C58) | CA58: =IF(ISBLANK($I58),"",$I58) | CB58: =IF(OR(ISBLANK(CA58),CA58=""),"",CA58*100/CA$2) | CC58: =IF(ISBLANK($B58),"",$B58) -> 4 | CD58: =IF(ISBLANK($C58),"",$C58) | CH58: =IF(ISBLANK($I58),"",$I58) | CI58: =IF(OR(ISBLANK(CH58),CH58=""),"",CH58*100/CH$2)
B59: 5 | P59: 4 baholar | Q59: =IF(ISBLANK(C55),"",COUNTIF(O55:O94,4)) | R59: =IF(ISBLANK($B59),"",$B59) -> 5 | S59: =IF(ISBLANK($C59),"",$C59) | AA59: =IF(ISBLANK($D59),"",$D59) | AB59: =IF(OR(ISBLANK(AA59),AA59=""),"",AA59*100/AA$2) | AC59: =IF(ISBLANK($B59),"",$B59) -> 5 | AD59: =IF(ISBLANK($C59),"",$C59) | AL59: =IF(ISBLANK($E59),"",$E59) | AM59: =IF(OR(ISBLANK(AL59),AL59=""),"",AL59*100/AL$2) | AN59: =IF(ISBLANK($B59),"",$B59) -> 5 | AO59: =IF(ISBLANK($C59),"",$C59) | AW59: =IF(ISBLANK($F59),"",$F59) | AX59: =IF(OR(ISBLANK(AW59),AW59=""),"",AW59*100/AW$2) | AY59: =IF(ISBLANK($B59),"",$B59) -> 5 | AZ59: =IF(ISBLANK($C59),"",$C59) | BH59: =IF(ISBLANK($G59),"",$G59) | BI59: =IF(OR(ISBLANK(BH59),BH59=""),"",BH59*100/BH$2) | BJ59: =IF(ISBLANK($B59),"",$B59) -> 5 | BK59: =IF(ISBLANK($C59),"",$C59) | CA59: =IF(ISBLANK($I59),"",$I59) | CB59: =IF(OR(ISBLANK(CA59),CA59=""),"",CA59*100/CA$2) | CC59: =IF(ISBLANK($B59),"",$B59) -> 5 | CD59: =IF(ISBLANK($C59),"",$C59) | CH59: =IF(ISBLANK($I59),"",$I59) | CI59: =IF(OR(ISBLANK(CH59),CH59=""),"",CH59*100/CH$2)
B60: 6 | P60: 3 baholar | Q60: =IF(ISBLANK(C55),"",COUNTIF(O55:O94,3)) | R60: =IF(ISBLANK($B60),"",$B60) -> 6 | S60: =IF(ISBLANK($C60),"",$C60) | AA60: =IF(ISBLANK($D60),"",$D60) | AB60: =IF(OR(ISBLANK(AA60),AA60=""),"",AA60*100/AA$2) | AC60: =IF(ISBLANK($B60),"",$B60) -> 6 | AD60: =IF(ISBLANK($C60),"",$C60) | AL60: =IF(ISBLANK($E60),"",$E60) | AM60: =IF(OR(ISBLANK(AL60),AL60=""),"",AL60*100/AL$2) | AN60: =IF(ISBLANK($B60),"",$B60) -> 6 | AO60: =IF(ISBLANK($C60),"",$C60) | AW60: =IF(ISBLANK($F60),"",$F60) | AX60: =IF(OR(ISBLANK(AW60),AW60=""),"",AW60*100/AW$2) | AY60: =IF(ISBLANK($B60),"",$B60) -> 6 | AZ60: =IF(ISBLANK($C60),"",$C60) | BH60: =IF(ISBLANK($G60),"",$G60) | BI60: =IF(OR(ISBLANK(BH60),BH60=""),"",BH60*100/BH$2) | BJ60: =IF(ISBLANK($B60),"",$B60) -> 6 | BK60: =IF(ISBLANK($C60),"",$C60) | CA60: =IF(ISBLANK($I60),"",$I60) | CB60: =IF(OR(ISBLANK(CA60),CA60=""),"",CA60*100/CA$2) | CC60: =IF(ISBLANK($B60),"",$B60) -> 6 | CD60: =IF(ISBLANK($C60),"",$C60) | CH60: =IF(ISBLANK($I60),"",$I60) | CI60: =IF(OR(ISBLANK(CH60),CH60=""),"",CH60*100/CH$2)
B61: 7 | P61: eng yuqori | Q61: =IF(ISBLANK(C55),"",MAX(J55:J94)) | R61: =IF(ISBLANK($B61),"",$B61) -> 7 | S61: =IF(ISBLANK($C61),"",$C61) | AA61: =IF(ISBLANK($D61),"",$D61) | AB61: =IF(OR(ISBLANK(AA61),AA61=""),"",AA61*100/AA$2) | AC61: =IF(ISBLANK($B61),"",$B61) -> 7 | AD61: =IF(ISBLANK($C61),"",$C61) | AL61: =IF(ISBLANK($E61),"",$E61) | AM61: =IF(OR(ISBLANK(AL61),AL61=""),"",AL61*100/AL$2) | AN61: =IF(ISBLANK($B61),"",$B61) -> 7 | AO61: =IF(ISBLANK($C61),"",$C61) | AW61: =IF(ISBLANK($F61),"",$F61) | AX61: =IF(OR(ISBLANK(AW61),AW61=""),"",AW61*100/AW$2) | AY61: =IF(ISBLANK($B61),"",$B61) -> 7 | AZ61: =IF(ISBLANK($C61),"",$C61) | BH61: =IF(ISBLANK($G61),"",$G61) | BI61: =IF(OR(ISBLANK(BH61),BH61=""),"",BH61*100/BH$2) | BJ61: =IF(ISBLANK($B61),"",$B61) -> 7 | BK61: =IF(ISBLANK($C61),"",$C61) | CA61: =IF(ISBLANK($I61),"",$I61) | CB61: =IF(OR(ISBLANK(CA61),CA61=""),"",CA61*100/CA$2) | CC61: =IF(ISBLANK($B61),"",$B61) -> 7 | CD61: =IF(ISBLANK($C61),"",$C61) | CH61: =IF(ISBLANK($I61),"",$I61) | CI61: =IF(OR(ISBLANK(CH61),CH61=""),"",CH61*100/CH$2)
B62: 8 | P62: eng past | Q62: =IF(ISBLANK(C55),"",MIN(J55:J94)) | R62: =IF(ISBLANK($B62),"",$B62) -> 8 | S62: =IF(ISBLANK($C62),"",$C62) | AA62: =IF(ISBLANK($D62),"",$D62) | AB62: =IF(OR(ISBLANK(AA62),AA62=""),"",AA62*100/AA$2) | AC62: =IF(ISBLANK($B62),"",$B62) -> 8 | AD62: =IF(ISBLANK($C62),"",$C62) | AL62: =IF(ISBLANK($E62),"",$E62) | AM62: =IF(OR(ISBLANK(AL62),AL62=""),"",AL62*100/AL$2) | AN62: =IF(ISBLANK($B62),"",$B62) -> 8 | AO62: =IF(ISBLANK($C62),"",$C62) | AW62: =IF(ISBLANK($F62),"",$F62) | AX62: =IF(OR(ISBLANK(AW62),AW62=""),"",AW62*100/AW$2) | AY62: =IF(ISBLANK($B62),"",$B62) -> 8 | AZ62: =IF(ISBLANK($C62),"",$C62) | BH62: =IF(ISBLANK($G62),"",$G62) | BI62: =IF(OR(ISBLANK(BH62),BH62=""),"",BH62*100/BH$2) | BJ62: =IF(ISBLANK($B62),"",$B62) -> 8 | BK62: =IF(ISBLANK($C62),"",$C62) | CA62: =IF(ISBLANK($I62),"",$I62) | CB62: =IF(OR(ISBLANK(CA62),CA62=""),"",CA62*100/CA$2) | CC62: =IF(ISBLANK($B62),"",$B62) -> 8 | CD62: =IF(ISBLANK($C62),"",$C62) | CH62: =IF(ISBLANK($I62),"",$I62) | CI62: =IF(OR(ISBLANK(CH62),CH62=""),"",CH62*100/CH$2)
B63: 9 | R63: =IF(ISBLANK($B63),"",$B63) -> 9 | S63: =IF(ISBLANK($C63),"",$C63) | AA63: =IF(ISBLANK($D63),"",$D63) | AB63: =IF(OR(ISBLANK(AA63),AA63=""),"",AA63*100/AA$2) | AC63: =IF(ISBLANK($B63),"",$B63) -> 9 | AD63: =IF(ISBLANK($C63),"",$C63) | AL63: =IF(ISBLANK($E63),"",$E63) | AM63: =IF(OR(ISBLANK(AL63),AL63=""),"",AL63*100/AL$2) | AN63: =IF(ISBLANK($B63),"",$B63) -> 9 | AO63: =IF(ISBLANK($C63),"",$C63) | AW63: =IF(ISBLANK($F63),"",$F63) | AX63: =IF(OR(ISBLANK(AW63),AW63=""),"",AW63*100/AW$2) | AY63: =IF(ISBLANK($B63),"",$B63) -> 9 | AZ63: =IF(ISBLANK($C63),"",$C63) | BH63: =IF(ISBLANK($G63),"",$G63) | BI63: =IF(OR(ISBLANK(BH63),BH63=""),"",BH63*100/BH$2) | BJ63: =IF(ISBLANK($B63),"",$B63) -> 9 | BK63: =IF(ISBLANK($C63),"",$C63) | CA63: =IF(ISBLANK($I63),"",$I63) | CB63: =IF(OR(ISBLANK(CA63),CA63=""),"",CA63*100/CA$2) | CC63: =IF(ISBLANK($B63),"",$B63) -> 9 | CD63: =IF(ISBLANK($C63),"",$C63) | CH63: =IF(ISBLANK($I63),"",$I63) | CI63: =IF(OR(ISBLANK(CH63),CH63=""),"",CH63*100/CH$2)
B64: 10 | R64: =IF(ISBLANK($B64),"",$B64) -> 10 | S64: =IF(ISBLANK($C64),"",$C64) | AA64: =IF(ISBLANK($D64),"",$D64) | AB64: =IF(OR(ISBLANK(AA64),AA64=""),"",AA64*100/AA$2) | AC64: =IF(ISBLANK($B64),"",$B64) -> 10 | AD64: =IF(ISBLANK($C64),"",$C64) | AL64: =IF(ISBLANK($E64),"",$E64) | AM64: =IF(OR(ISBLANK(AL64),AL64=""),"",AL64*100/AL$2) | AN64: =IF(ISBLANK($B64),"",$B64) -> 10 | AO64: =IF(ISBLANK($C64),"",$C64) | AW64: =IF(ISBLANK($F64),"",$F64) | AX64: =IF(OR(ISBLANK(AW64),AW64=""),"",AW64*100/AW$2) | AY64: =IF(ISBLANK($B64),"",$B64) -> 10 | AZ64: =IF(ISBLANK($C64),"",$C64) | BH64: =IF(ISBLANK($G64),"",$G64) | BI64: =IF(OR(ISBLANK(BH64),BH64=""),"",BH64*100/BH$2) | BJ64: =IF(ISBLANK($B64),"",$B64) -> 10 | BK64: =IF(ISBLANK($C64),"",$C64) | CA64: =IF(ISBLANK($I64),"",$I64) | CB64: =IF(OR(ISBLANK(CA64),CA64=""),"",CA64*100/CA$2) | CC64: =IF(ISBLANK($B64),"",$B64) -> 10 | CD64: =IF(ISBLANK($C64),"",$C64) | CH64: =IF(ISBLANK($I64),"",$I64) | CI64: =IF(OR(ISBLANK(CH64),CH64=""),"",CH64*100/CH$2)
B65: 11 | R65: =IF(ISBLANK($B65),"",$B65) -> 11 | S65: =IF(ISBLANK($C65),"",$C65) | AA65: =IF(ISBLANK($D65),"",$D65) | AB65: =IF(OR(ISBLANK(AA65),AA65=""),"",AA65*100/AA$2) | AC65: =IF(ISBLANK($B65),"",$B65) -> 11 | AD65: =IF(ISBLANK($C65),"",$C65) | AL65: =IF(ISBLANK($E65),"",$E65) | AM65: =IF(OR(ISBLANK(AL65),AL65=""),"",AL65*100/AL$2) | AN65: =IF(ISBLANK($B65),"",$B65) -> 11 | AO65: =IF(ISBLANK($C65),"",$C65) | AW65: =IF(ISBLANK($F65),"",$F65) | AX65: =IF(OR(ISBLANK(AW65),AW65=""),"",AW65*100/AW$2) | AY65: =IF(ISBLANK($B65),"",$B65) -> 11 | AZ65: =IF(ISBLANK($C65),"",$C65) | BH65: =IF(ISBLANK($G65),"",$G65) | BI65: =IF(OR(ISBLANK(BH65),BH65=""),"",BH65*100/BH$2) | BJ65: =IF(ISBLANK($B65),"",$B65) -> 11 | BK65: =IF(ISBLANK($C65),"",$C65) | CA65: =IF(ISBLANK($I65),"",$I65) | CB65: =IF(OR(ISBLANK(CA65),CA65=""),"",CA65*100/CA$2) | CC65: =IF(ISBLANK($B65),"",$B65) -> 11 | CD65: =IF(ISBLANK($C65),"",$C65) | CH65: =IF(ISBLANK($I65),"",$I65) | CI65: =IF(OR(ISBLANK(CH65),CH65=""),"",CH65*100/CH$2)
B66: 12 | R66: =IF(ISBLANK($B66),"",$B66) -> 12 | S66: =IF(ISBLANK($C66),"",$C66) | AA66: =IF(ISBLANK($D66),"",$D66) | AB66: =IF(OR(ISBLANK(AA66),AA66=""),"",AA66*100/AA$2) | AC66: =IF(ISBLANK($B66),"",$B66) -> 12 | AD66: =IF(ISBLANK($C66),"",$C66) | AL66: =IF(ISBLANK($E66),"",$E66) | AM66: =IF(OR(ISBLANK(AL66),AL66=""),"",AL66*100/AL$2) | AN66: =IF(ISBLANK($B66),"",$B66) -> 12 | AO66: =IF(ISBLANK($C66),"",$C66) | AW66: =IF(ISBLANK($F66),"",$F66) | AX66: =IF(OR(ISBLANK(AW66),AW66=""),"",AW66*100/AW$2) | AY66: =IF(ISBLANK($B66),"",$B66) -> 12 | AZ66: =IF(ISBLANK($C66),"",$C66) | BH66: =IF(ISBLANK($G66),"",$G66) | BI66: =IF(OR(ISBLANK(BH66),BH66=""),"",BH66*100/BH$2) | BJ66: =IF(ISBLANK($B66),"",$B66) -> 12 | BK66: =IF(ISBLANK($C66),"",$C66) | CA66: =IF(ISBLANK($I66),"",$I66) | CB66: =IF(OR(ISBLANK(CA66),CA66=""),"",CA66*100/CA$2) | CC66: =IF(ISBLANK($B66),"",$B66) -> 12 | CD66: =IF(ISBLANK($C66),"",$C66) | CH66: =IF(ISBLANK($I66),"",$I66) | CI66: =IF(OR(ISBLANK(CH66),CH66=""),"",CH66*100/CH$2)
B67: 13 | R67: =IF(ISBLANK($B67),"",$B67) -> 13 | S67: =IF(ISBLANK($C67),"",$C67) | AA67: =IF(ISBLANK($D67),"",$D67) | AB67: =IF(OR(ISBLANK(AA67),AA67=""),"",AA67*100/AA$2) | AC67: =IF(ISBLANK($B67),"",$B67) -> 13 | AD67: =IF(ISBLANK($C67),"",$C67) | AL67: =IF(ISBLANK($E67),"",$E67) | AM67: =IF(OR(ISBLANK(AL67),AL67=""),"",AL67*100/AL$2) | AN67: =IF(ISBLANK($B67),"",$B67) -> 13 | AO67: =IF(ISBLANK($C67),"",$C67) | AW67: =IF(ISBLANK($F67),"",$F67) | AX67: =IF(OR(ISBLANK(AW67),AW67=""),"",AW67*100/AW$2) | AY67: =IF(ISBLANK($B67),"",$B67) -> 13 | AZ67: =IF(ISBLANK($C67),"",$C67) | BH67: =IF(ISBLANK($G67),"",$G67) | BI67: =IF(OR(ISBLANK(BH67),BH67=""),"",BH67*100/BH$2) | BJ67: =IF(ISBLANK($B67),"",$B67) -> 13 | BK67: =IF(ISBLANK($C67),"",$C67) | CA67: =IF(ISBLANK($I67),"",$I67) | CB67: =IF(OR(ISBLANK(CA67),CA67=""),"",CA67*100/CA$2) | CC67: =IF(ISBLANK($B67),"",$B67) -> 13 | CD67: =IF(ISBLANK($C67),"",$C67) | CH67: =IF(ISBLANK($I67),"",$I67) | CI67: =IF(OR(ISBLANK(CH67),CH67=""),"",CH67*100/CH$2)
B68: 14 | R68: =IF(ISBLANK($B68),"",$B68) -> 14 | S68: =IF(ISBLANK($C68),"",$C68) | AA68: =IF(ISBLANK($D68),"",$D68) | AB68: =IF(OR(ISBLANK(AA68),AA68=""),"",AA68*100/AA$2) | AC68: =IF(ISBLANK($B68),"",$B68) -> 14 | AD68: =IF(ISBLANK($C68),"",$C68) | AL68: =IF(ISBLANK($E68),"",$E68) | AM68: =IF(OR(ISBLANK(AL68),AL68=""),"",AL68*100/AL$2) | AN68: =IF(ISBLANK($B68),"",$B68) -> 14 | AO68: =IF(ISBLANK($C68),"",$C68) | AW68: =IF(ISBLANK($F68),"",$F68) | AX68: =IF(OR(ISBLANK(AW68),AW68=""),"",AW68*100/AW$2) | AY68: =IF(ISBLANK($B68),"",$B68) -> 14 | AZ68: =IF(ISBLANK($C68),"",$C68) | BH68: =IF(ISBLANK($G68),"",$G68) | BI68: =IF(OR(ISBLANK(BH68),BH68=""),"",BH68*100/BH$2) | BJ68: =IF(ISBLANK($B68),"",$B68) -> 14 | BK68: =IF(ISBLANK($C68),"",$C68) | CA68: =IF(ISBLANK($I68),"",$I68) | CB68: =IF(OR(ISBLANK(CA68),CA68=""),"",CA68*100/CA$2) | CC68: =IF(ISBLANK($B68),"",$B68) -> 14 | CD68: =IF(ISBLANK($C68),"",$C68) | CH68: =IF(ISBLANK($I68),"",$I68) | CI68: =IF(OR(ISBLANK(CH68),CH68=""),"",CH68*100/CH$2)
B69: 15 | R69: =IF(ISBLANK($B69),"",$B69) -> 15 | S69: =IF(ISBLANK($C69),"",$C69) | AA69: =IF(ISBLANK($D69),"",$D69) | AB69: =IF(OR(ISBLANK(AA69),AA69=""),"",AA69*100/AA$2) | AC69: =IF(ISBLANK($B69),"",$B69) -> 15 | AD69: =IF(ISBLANK($C69),"",$C69) | AL69: =IF(ISBLANK($E69),"",$E69) | AM69: =IF(OR(ISBLANK(AL69),AL69=""),"",AL69*100/AL$2) | AN69: =IF(ISBLANK($B69),"",$B69) -> 15 | AO69: =IF(ISBLANK($C69),"",$C69) | AW69: =IF(ISBLANK($F69),"",$F69) | AX69: =IF(OR(ISBLANK(AW69),AW69=""),"",AW69*100/AW$2) | AY69: =IF(ISBLANK($B69),"",$B69) -> 15 | AZ69: =IF(ISBLANK($C69),"",$C69) | BH69: =IF(ISBLANK($G69),"",$G69) | BI69: =IF(OR(ISBLANK(BH69),BH69=""),"",BH69*100/BH$2) | BJ69: =IF(ISBLANK($B69),"",$B69) -> 15 | BK69: =IF(ISBLANK($C69),"",$C69) | CA69: =IF(ISBLANK($I69),"",$I69) | CB69: =IF(OR(ISBLANK(CA69),CA69=""),"",CA69*100/CA$2) | CC69: =IF(ISBLANK($B69),"",$B69) -> 15 | CD69: =IF(ISBLANK($C69),"",$C69) | CH69: =IF(ISBLANK($I69),"",$I69) | CI69: =IF(OR(ISBLANK(CH69),CH69=""),"",CH69*100/CH$2)
B70: 16 | R70: =IF(ISBLANK($B70),"",$B70) -> 16 | S70: =IF(ISBLANK($C70),"",$C70) | AA70: =IF(ISBLANK($D70),"",$D70) | AB70: =IF(OR(ISBLANK(AA70),AA70=""),"",AA70*100/AA$2) | AC70: =IF(ISBLANK($B70),"",$B70) -> 16 | AD70: =IF(ISBLANK($C70),"",$C70) | AL70: =IF(ISBLANK($E70),"",$E70) | AM70: =IF(OR(ISBLANK(AL70),AL70=""),"",AL70*100/AL$2) | AN70: =IF(ISBLANK($B70),"",$B70) -> 16 | AO70: =IF(ISBLANK($C70),"",$C70) | AW70: =IF(ISBLANK($F70),"",$F70) | AX70: =IF(OR(ISBLANK(AW70),AW70=""),"",AW70*100/AW$2) | AY70: =IF(ISBLANK($B70),"",$B70) -> 16 | AZ70: =IF(ISBLANK($C70),"",$C70) | BH70: =IF(ISBLANK($G70),"",$G70) | BI70: =IF(OR(ISBLANK(BH70),BH70=""),"",BH70*100/BH$2) | BJ70: =IF(ISBLANK($B70),"",$B70) -> 16 | BK70: =IF(ISBLANK($C70),"",$C70) | CA70: =IF(ISBLANK($I70),"",$I70) | CB70: =IF(OR(ISBLANK(CA70),CA70=""),"",CA70*100/CA$2) | CC70: =IF(ISBLANK($B70),"",$B70) -> 16 | CD70: =IF(ISBLANK($C70),"",$C70) | CH70: =IF(ISBLANK($I70),"",$I70) | CI70: =IF(OR(ISBLANK(CH70),CH70=""),"",CH70*100/CH$2)
B71: 17 | R71: =IF(ISBLANK($B71),"",$B71) -> 17 | S71: =IF(ISBLANK($C71),"",$C71) | AA71: =IF(ISBLANK($D71),"",$D71) | AB71: =IF(OR(ISBLANK(AA71),AA71=""),"",AA71*100/AA$2) | AC71: =IF(ISBLANK($B71),"",$B71) -> 17 | AD71: =IF(ISBLANK($C71),"",$C71) | AL71: =IF(ISBLANK($E71),"",$E71) | AM71: =IF(OR(ISBLANK(AL71),AL71=""),"",AL71*100/AL$2) | AN71: =IF(ISBLANK($B71),"",$B71) -> 17 | AO71: =IF(ISBLANK($C71),"",$C71) | AW71: =IF(ISBLANK($F71),"",$F71) | AX71: =IF(OR(ISBLANK(AW71),AW71=""),"",AW71*100/AW$2) | AY71: =IF(ISBLANK($B71),"",$B71) -> 17 | AZ71: =IF(ISBLANK($C71),"",$C71) | BH71: =IF(ISBLANK($G71),"",$G71) | BI71: =IF(OR(ISBLANK(BH71),BH71=""),"",BH71*100/BH$2) | BJ71: =IF(ISBLANK($B71),"",$B71) -> 17 | BK71: =IF(ISBLANK($C71),"",$C71) | CA71: =IF(ISBLANK($I71),"",$I71) | CB71: =IF(OR(ISBLANK(CA71),CA71=""),"",CA71*100/CA$2) | CC71: =IF(ISBLANK($B71),"",$B71) -> 17 | CD71: =IF(ISBLANK($C71),"",$C71) | CH71: =IF(ISBLANK($I71),"",$I71) | CI71: =IF(OR(ISBLANK(CH71),CH71=""),"",CH71*100/CH$2)
B72: 18 | R72: =IF(ISBLANK($B72),"",$B72) -> 18 | S72: =IF(ISBLANK($C72),"",$C72) | AA72: =IF(ISBLANK($D72),"",$D72) | AB72: =IF(OR(ISBLANK(AA72),AA72=""),"",AA72*100/AA$2) | AC72: =IF(ISBLANK($B72),"",$B72) -> 18 | AD72: =IF(ISBLANK($C72),"",$C72) | AL72: =IF(ISBLANK($E72),"",$E72) | AM72: =IF(OR(ISBLANK(AL72),AL72=""),"",AL72*100/AL$2) | AN72: =IF(ISBLANK($B72),"",$B72) -> 18 | AO72: =IF(ISBLANK($C72),"",$C72) | AW72: =IF(ISBLANK($F72),"",$F72) | AX72: =IF(OR(ISBLANK(AW72),AW72=""),"",AW72*100/AW$2) | AY72: =IF(ISBLANK($B72),"",$B72) -> 18 | AZ72: =IF(ISBLANK($C72),"",$C72) | BH72: =IF(ISBLANK($G72),"",$G72) | BI72: =IF(OR(ISBLANK(BH72),BH72=""),"",BH72*100/BH$2) | BJ72: =IF(ISBLANK($B72),"",$B72) -> 18 | BK72: =IF(ISBLANK($C72),"",$C72) | CA72: =IF(ISBLANK($I72),"",$I72) | CB72: =IF(OR(ISBLANK(CA72),CA72=""),"",CA72*100/CA$2) | CC72: =IF(ISBLANK($B72),"",$B72) -> 18 | CD72: =IF(ISBLANK($C72),"",$C72) | CH72: =IF(ISBLANK($I72),"",$I72) | CI72: =IF(OR(ISBLANK(CH72),CH72=""),"",CH72*100/CH$2)
B73: 19 | R73: =IF(ISBLANK($B73),"",$B73) -> 19 | S73: =IF(ISBLANK($C73),"",$C73) | AA73: =IF(ISBLANK($D73),"",$D73) | AB73: =IF(OR(ISBLANK(AA73),AA73=""),"",AA73*100/AA$2) | AC73: =IF(ISBLANK($B73),"",$B73) -> 19 | AD73: =IF(ISBLANK($C73),"",$C73) | AL73: =IF(ISBLANK($E73),"",$E73) | AM73: =IF(OR(ISBLANK(AL73),AL73=""),"",AL73*100/AL$2) | AN73: =IF(ISBLANK($B73),"",$B73) -> 19 | AO73: =IF(ISBLANK($C73),"",$C73) | AW73: =IF(ISBLANK($F73),"",$F73) | AX73: =IF(OR(ISBLANK(AW73),AW73=""),"",AW73*100/AW$2) | AY73: =IF(ISBLANK($B73),"",$B73) -> 19 | AZ73: =IF(ISBLANK($C73),"",$C73) | BH73: =IF(ISBLANK($G73),"",$G73) | BI73: =IF(OR(ISBLANK(BH73),BH73=""),"",BH73*100/BH$2) | BJ73: =IF(ISBLANK($B73),"",$B73) -> 19 | BK73: =IF(ISBLANK($C73),"",$C73) | CA73: =IF(ISBLANK($I73),"",$I73) | CB73: =IF(OR(ISBLANK(CA73),CA73=""),"",CA73*100/CA$2) | CC73: =IF(ISBLANK($B73),"",$B73) -> 19 | CD73: =IF(ISBLANK($C73),"",$C73) | CH73: =IF(ISBLANK($I73),"",$I73) | CI73: =IF(OR(ISBLANK(CH73),CH73=""),"",CH73*100/CH$2)
B74: 20 | R74: =IF(ISBLANK($B74),"",$B74) -> 20 | S74: =IF(ISBLANK($C74),"",$C74) | AA74: =IF(ISBLANK($D74),"",$D74) | AB74: =IF(OR(ISBLANK(AA74),AA74=""),"",AA74*100/AA$2) | AC74: =IF(ISBLANK($B74),"",$B74) -> 20 | AD74: =IF(ISBLANK($C74),"",$C74) | AL74: =IF(ISBLANK($E74),"",$E74) | AM74: =IF(OR(ISBLANK(AL74),AL74=""),"",AL74*100/AL$2) | AN74: =IF(ISBLANK($B74),"",$B74) -> 20 | AO74: =IF(ISBLANK($C74),"",$C74) | AW74: =IF(ISBLANK($F74),"",$F74) | AX74: =IF(OR(ISBLANK(AW74),AW74=""),"",AW74*100/AW$2) | AY74: =IF(ISBLANK($B74),"",$B74) -> 20 | AZ74: =IF(ISBLANK($C74),"",$C74) | BH74: =IF(ISBLANK($G74),"",$G74) | BI74: =IF(OR(ISBLANK(BH74),BH74=""),"",BH74*100/BH$2) | BJ74: =IF(ISBLANK($B74),"",$B74) -> 20 | BK74: =IF(ISBLANK($C74),"",$C74) | CA74: =IF(ISBLANK($I74),"",$I74) | CB74: =IF(OR(ISBLANK(CA74),CA74=""),"",CA74*100/CA$2) | CC74: =IF(ISBLANK($B74),"",$B74) -> 20 | CD74: =IF(ISBLANK($C74),"",$C74) | CH74: =IF(ISBLANK($I74),"",$I74) | CI74: =IF(OR(ISBLANK(CH74),CH74=""),"",CH74*100/CH$2)
... B92: 38 | R92: =IF(ISBLANK($B92),"",$B92) -> 38 | S92: =IF(ISBLANK($C92),"",$C92) | AA92: =IF(ISBLANK($D92),"",$D92) | AB92: =IF(OR(ISBLANK(AA92),AA92=""),"",AA92*100/AA$2) | AC92: =IF(ISBLANK($B92),"",$B92) -> 38 | AD92: =IF(ISBLANK($C92),"",$C92) | AL92: =IF(ISBLANK($E92),"",$E92) | AM92: =IF(OR(ISBLANK(AL92),AL92=""),"",AL92*100/AL$2) | AN92: =IF(ISBLANK($B92),"",$B92) -> 38 | AO92: =IF(ISBLANK($C92),"",$C92) | AW92: =IF(ISBLANK($F92),"",$F92) | AX92: =IF(OR(ISBLANK(AW92),AW92=""),"",AW92*100/AW$2) | AY92: =IF(ISBLANK($B92),"",$B92) -> 38 | AZ92: =IF(ISBLANK($C92),"",$C92) | BH92: =IF(ISBLANK($G92),"",$G92) | BI92: =IF(OR(ISBLANK(BH92),BH92=""),"",BH92*100/BH$2) | BJ92: =IF(ISBLANK($B92),"",$B92) -> 38 | BK92: =IF(ISBLANK($C92),"",$C92) | CA92: =IF(ISBLANK($I92),"",$I92) | CB92: =IF(OR(ISBLANK(CA92),CA92=""),"",CA92*100/CA$2) | CC92: =IF(ISBLANK($B92),"",$B92) -> 38 | CD92: =IF(ISBLANK($C92),"",$C92) | CH92: =IF(ISBLANK($I92),"",$I92) | CI92: =IF(OR(ISBLANK(CH92),CH92=""),"",CH92*100/CH$2)
B93: 39 | R93: =IF(ISBLANK($B93),"",$B93) -> 39 | S93: =IF(ISBLANK($C93),"",$C93) | AA93: =IF(ISBLANK($D93),"",$D93) | AB93: =IF(OR(ISBLANK(AA93),AA93=""),"",AA93*100/AA$2) | AC93: =IF(ISBLANK($B93),"",$B93) -> 39 | AD93: =IF(ISBLANK($C93),"",$C93) | AL93: =IF(ISBLANK($E93),"",$E93) | AM93: =IF(OR(ISBLANK(AL93),AL93=""),"",AL93*100/AL$2) | AN93: =IF(ISBLANK($B93),"",$B93) -> 39 | AO93: =IF(ISBLANK($C93),"",$C93) | AW93: =IF(ISBLANK($F93),"",$F93) | AX93: =IF(OR(ISBLANK(AW93),AW93=""),"",AW93*100/AW$2) | AY93: =IF(ISBLANK($B93),"",$B93) -> 39 | AZ93: =IF(ISBLANK($C93),"",$C93) | BH93: =IF(ISBLANK($G93),"",$G93) | BI93: =IF(OR(ISBLANK(BH93),BH93=""),"",BH93*100/BH$2) | BJ93: =IF(ISBLANK($B93),"",$B93) -> 39 | BK93: =IF(ISBLANK($C93),"",$C93) | CA93: =IF(ISBLANK($I93),"",$I93) | CC93: =IF(ISBLANK($B93),"",$B93) -> 39 | CD93: =IF(ISBLANK($C93),"",$C93) | CH93: =IF(ISBLANK($I93),"",$I93)
B94: 40 | R94: =IF(ISBLANK($B94),"",$B94) -> 40 | S94: =IF(ISBLANK($C94),"",$C94) | AA94: =IF(ISBLANK($D94),"",$D94) | AB94: =IF(OR(ISBLANK(AA94),AA94=""),"",AA94*100/AA$2) | AC94: =IF(ISBLANK($B94),"",$B94) -> 40 | AD94: =IF(ISBLANK($C94),"",$C94) | AL94: =IF(ISBLANK($E94),"",$E94) | AM94: =IF(OR(ISBLANK(AL94),AL94=""),"",AL94*100/AL$2) | AN94: =IF(ISBLANK($B94),"",$B94) -> 40 | AO94: =IF(ISBLANK($C94),"",$C94) | AW94: =IF(ISBLANK($F94),"",$F94) | AX94: =IF(OR(ISBLANK(AW94),AW94=""),"",AW94*100/AW$2) | AY94: =IF(ISBLANK($B94),"",$B94) -> 40 | AZ94: =IF(ISBLANK($C94),"",$C94) | BH94: =IF(ISBLANK($G94),"",$G94) | BI94: =IF(OR(ISBLANK(BH94),BH94=""),"",BH94*100/BH$2) | BJ94: =IF(ISBLANK($B94),"",$B94) -> 40 | BK94: =IF(ISBLANK($C94),"",$C94) | CA94: =IF(ISBLANK($I94),"",$I94) | CC94: =IF(ISBLANK($B94),"",$B94) -> 40 | CD94: =IF(ISBLANK($C94),"",$C94) | CH94: =IF(ISBLANK($I94),"",$I94)
AA95: 3 | AB95: 30 | AL95: 3 | AM95: 30 | AW95: 3 | AX95: 30 | BH95: 3 | BI95: 30 | CA95: 10 | CB95: 30 | CH95: 10 | CI95: 30
R96: o'rtacha | AA96: =IF(ISBLANK(AB96),"",AB96) -> #DIV/0! | AB96: =AVERAGE(AB55:AB94) -> #DIV/0! | AC96: o'rtacha | AL96: =IF(ISBLANK(AM96),"",AM96) | AM96: =IF(ISERROR(AVERAGE(AM55:AM94)),"",AVERAGE(AM55:AM94)) | AN96: o'rtacha | AW96: =IF(ISBLANK(AX96),"",AX96) | AX96: =IF(ISERROR(AVERAGE(AX55:AX94)),"",AVERAGE(AX55:AX94)) | AY96: o'rtacha | BH96: =IF(ISBLANK(BI96),"",BI96) | BI96: =IF(ISERROR(AVERAGE(BI55:BI94)),"",AVERAGE(BI55:BI94)) | BJ96: o'rtacha | CA96: =IF(ISBLANK(CB96),"",CB96) | CB96: =IF(ISERROR(AVERAGE(CB55:CB94)),"",AVERAGE(CB55:CB94)) | CC96: o'rtacha | CH96: =IF(ISBLANK(CI96),"",CI96) | CI96: =IF(ISERROR(AVERAGE(CI55:CI94)),"",AVERAGE(CI55:CI94))
C97: Fan o`qituvchisi:
R98: Fan o`qituvchisi: _____________________________________ | T98: =IF(ISBLANK($G97),"",$G97) | AC98: Fan o`qituvchisi: _____________________________________ | AE98: =IF(ISBLANK($G97),"",$G97) | AN98: Fan o`qituvchisi: _____________________________________ | AP98: =IF(ISBLANK($G97),"",$G97) | AY98: Fan o`qituvchisi: _____________________________________ | BA98: =IF(ISBLANK($G97),"",$G97) | BJ98: Fan o`qituvchisi: _____________________________________ | BP98: =IF(ISBLANK($G97),"",$G97) | CC98: Fan o`qituvchisi: _____________________________________ | CE98: =IF(ISBLANK($G97),"",$G97)
B99: CHORAKLIK NATIJALAR | R99: _________________ kuni olingan ____BSB/Loyiha ishi NATIJALARI | AC99: _________________ kuni olingan ____BSB/Loyiha ishi NATIJALARI | AN99: _________________ kuni olingan ____BSB/Loyiha ishi NATIJALARI | AY99: _________________ kuni olingan ____BSB/Loyiha ishi NATIJALARI | BJ99: _________________ kuni olingan ____CHSB NATIJALARI | CC99: _________________ kuni olingan ____CHSB NATIJALARI
B100: fan | D100: chorak | F100: sinf | R100: =$B$2 -> fan | S100: =$C$2 -> 0 | T100: =$D$2 -> chorak | U100: =$E$2 -> 0 | V100: =$F$2 -> sinf | W100: =$G$2 -> 0 | AA100: =IF(MAX(AA104:AA143)>40,50,IF(MAX(AA104:AA143)>20,25,IF(MAX(AA104:AA143)>15,20,IF(MAX(AA104:AA143)>8,10)))) -> FALSE | AB100: ball | AC100: =$B$2 -> fan | AD100: =$C$2 -> 0 | AE100: =$D$2 -> chorak | AF100: =$E$2 -> 0 | AG100: =$F$2 -> sinf | AH100: =$G$2 -> 0 | AL100: =IF(MAX(AL104:AL143)>40,50,IF(MAX(AL104:AL143)>20,25,IF(MAX(AL104:AL143)>15,20,IF(MAX(AL104:AL143)>8,10)))) -> FALSE | AM100: ball | AN100: =$B$2 -> fan | AO100: =$C$2 -> 0 | AP100: =$D$2 -> chorak | AQ100: =$E$2 -> 0 | AR100: =$F$2 -> sinf | AS100: =$G$2 -> 0 | AW100: =IF(MAX(AW104:AW143)>40,50,IF(MAX(AW104:AW143)>20,25,IF(MAX(AW104:AW143)>15,20,IF(MAX(AW104:AW143)>8,10)))) -> FALSE | AX100: ball | AY100: =$B$2 -> fan | AZ100: =$C$2 -> 0 | BA100: =$D$2 -> chorak | BB100: =$E$2 -> 0 | BC100: =$F$2 -> sinf | BD100: =$G$2 -> 0 | BH100: =IF(MAX(BH104:BH143)>40,50,IF(MAX(BH104:BH143)>20,25,IF(MAX(BH104:BH143)>15,20,IF(MAX(BH104:BH143)>8,10)))) -> FALSE | BI100: ball | BJ100: fan | BK100: =$C$2 -> 0 | BL100: chorak | BO100: =$E$2 -> 0 | BR100: sinf | BT100: =$G$2 -> 0 | CA100: 40 | CB100: ball | CC100: fan | CD100: =$C$2 -> 0 | CE100: ="chorak: "&$E$2 -> chorak: | CG100: ="sinf: "& $G$2 -> sinf: | CH100: 40 | CI100: ball
B102: T/r | C102: F.I.SH | D102: summativ baholash bo'yicha ballar | O102: chorak bahosi | P102: fan | Q102: =IF(ISBLANK(C100),"",C100) | R102: T/r | S102: F.I.SH | T102: Baholash mezoni | AA102: Jami ball | AB102: Foizda | AC102: T/r | AD102: F.I.SH | AE102: Baholash mezoni | AL102: Jami ball | AM102: Foizda | AN102: T/r | AO102: F.I.SH | AP102: Baholash mezoni | AW102: Jami ball | AX102: Foizda | AY102: T/r | AZ102: F.I.SH | BA102: Baholash mezoni | BH102: Jami ball | BI102: Foizda | BJ102: T/r | BK102: F.I.SH | BL102: Baholash mezoni | CA102: Jami ball 40 | CB102: Foizda | CC102: T/r | CD102: F.I.SH | CE102: Baholash mezoni | CH102: Jami ball 40 | CI102: Foizda
D103: BSB | E103: BSB | F103: BSB | G103: LI/Lab | H103: FB (10) | I103: CHSB (40) | J103: Jami ball (100) | N103: tahlil % da | T103: 1 | U103: 2 | V103: 3 | W103: 4 | X103: 5 | Y103: 6 | Z103: 7 | AE103: 1 | AF103: 2 | AG103: 3 | AH103: 4 | AI103: 5 | AJ103: 6 | AK103: 7 | AP103: 1 | AQ103: 2 | AR103: 3 | AS103: 4 | AT103: 5 | AU103: 6 | AV103: 7 | BA103: 1 | BB103: 2 | BC103: 3 | BD103: 4 | BE103: 5 | BF103: 6 | BG103: 7 | BL103: 1 | BM103: 2 | BN103: 3 | BO103: 4 | BP103: 5 | BQ103: 6 | BR103: 7 | BS103: 8 | BT103: 9 | BU103: 10 | BV103: 11 | BW103: 12 | BX103: 13 | BY103: 14 | BZ103: 15 | CE103: "Bilish (to'g'ri javoblar soni)" | CF103: "qo'llash (to'g'ri javoblar soni)" | CG103: "Mulohaza (to'g'ri javoblar soni)"
B104: 1 | P104: sinf | Q104: =IF(ISBLANK(G100),"",G100) | R104: =IF(ISBLANK($B104),"",$B104) -> 1 | S104: =IF(ISBLANK($C104),"",$C104) | AA104: =IF(ISBLANK($D104),"",$D104) | AB104: =IF(OR(ISBLANK(AA104),AA104=""),"",AA104*100/AA$2) | AC104: =IF(ISBLANK($B104),"",$B104) -> 1 | AD104: =IF(ISBLANK($C104),"",$C104) | AL104: =IF(ISBLANK($E104),"",$E104) | AM104: =IF(OR(ISBLANK(AL104),AL104=""),"",AL104*100/AL$2) | AN104: =IF(ISBLANK($B104),"",$B104) -> 1 | AO104: =IF(ISBLANK($C104),"",$C104) | AW104: =IF(ISBLANK($F104),"",$F104) | AX104: =IF(OR(ISBLANK(AW104),AW104=""),"",AW104*100/AW$2) | AY104: =IF(ISBLANK($B104),"",$B104) -> 1 | AZ104: =IF(ISBLANK($C104),"",$C104) | BH104: =IF(ISBLANK($G104),"",$G104) | BI104: =IF(OR(ISBLANK(BH104),BH104=""),"",BH104*100/BH$2) | BJ104: =IF(ISBLANK($B104),"",$B104) -> 1 | BK104: =IF(ISBLANK($C104),"",$C104) | CA104: =IF(ISBLANK($I104),"",$I104) | CB104: =IF(OR(ISBLANK(CA104),CA104=""),"",CA104*100/CA$2) | CC104: =IF(ISBLANK($B104),"",$B104) -> 1 | CD104: =IF(ISBLANK($C104),"",$C104) | CH104: =IF(ISBLANK($I104),"",$I104) | CI104: =IF(OR(ISBLANK(CH104),CH104=""),"",CH104*100/CH$2)
B105: 2 | P105: chorak | Q105: 3 | R105: =IF(ISBLANK($B105),"",$B105) -> 2 | S105: =IF(ISBLANK($C105),"",$C105) | AA105: =IF(ISBLANK($D105),"",$D105) | AB105: =IF(OR(ISBLANK(AA105),AA105=""),"",AA105*100/AA$2) | AC105: =IF(ISBLANK($B105),"",$B105) -> 2 | AD105: =IF(ISBLANK($C105),"",$C105) | AL105: =IF(ISBLANK($E105),"",$E105) | AM105: =IF(OR(ISBLANK(AL105),AL105=""),"",AL105*100/AL$2) | AN105: =IF(ISBLANK($B105),"",$B105) -> 2 | AO105: =IF(ISBLANK($C105),"",$C105) | AW105: =IF(ISBLANK($F105),"",$F105) | AX105: =IF(OR(ISBLANK(AW105),AW105=""),"",AW105*100/AW$2) | AY105: =IF(ISBLANK($B105),"",$B105) -> 2 | AZ105: =IF(ISBLANK($C105),"",$C105) | BH105: =IF(ISBLANK($G105),"",$G105) | BI105: =IF(OR(ISBLANK(BH105),BH105=""),"",BH105*100/BH$2) | BJ105: =IF(ISBLANK($B105),"",$B105) -> 2 | BK105: =IF(ISBLANK($C105),"",$C105) | CA105: =IF(ISBLANK($I105),"",$I105) | CB105: =IF(OR(ISBLANK(CA105),CA105=""),"",CA105*100/CA$2) | CC105: =IF(ISBLANK($B105),"",$B105) -> 2 | CD105: =IF(ISBLANK($C105),"",$C105) | CH105: =IF(ISBLANK($I105),"",$I105) | CI105: =IF(OR(ISBLANK(CH105),CH105=""),"",CH105*100/CH$2)
B106: 3 | P106: o'rtacha | Q106: =IF(ISBLANK(C104),"",AVERAGE(J104:J143)) | R106: =IF(ISBLANK($B106),"",$B106) -> 3 | S106: =IF(ISBLANK($C106),"",$C106) | AA106: =IF(ISBLANK($D106),"",$D106) | AB106: =IF(OR(ISBLANK(AA106),AA106=""),"",AA106*100/AA$2) | AC106: =IF(ISBLANK($B106),"",$B106) -> 3 | AD106: =IF(ISBLANK($C106),"",$C106) | AL106: =IF(ISBLANK($E106),"",$E106) | AM106: =IF(OR(ISBLANK(AL106),AL106=""),"",AL106*100/AL$2) | AN106: =IF(ISBLANK($B106),"",$B106) -> 3 | AO106: =IF(ISBLANK($C106),"",$C106) | AW106: =IF(ISBLANK($F106),"",$F106) | AX106: =IF(OR(ISBLANK(AW106),AW106=""),"",AW106*100/AW$2) | AY106: =IF(ISBLANK($B106),"",$B106) -> 3 | AZ106: =IF(ISBLANK($C106),"",$C106) | BH106: =IF(ISBLANK($G106),"",$G106) | BI106: =IF(OR(ISBLANK(BH106),BH106=""),"",BH106*100/BH$2) | BJ106: =IF(ISBLANK($B106),"",$B106) -> 3 | BK106: =IF(ISBLANK($C106),"",$C106) | CA106: =IF(ISBLANK($I106),"",$I106) | CB106: =IF(OR(ISBLANK(CA106),CA106=""),"",CA106*100/CA$2) | CC106: =IF(ISBLANK($B106),"",$B106) -> 3 | CD106: =IF(ISBLANK($C106),"",$C106) | CH106: =IF(ISBLANK($I106),"",$I106) | CI106: =IF(OR(ISBLANK(CH106),CH106=""),"",CH106*100/CH$2)
B107: 4 | P107: 5 baholar | Q107: =IF(ISBLANK(C104),"",COUNTIF(O104:O143,5)) | R107: =IF(ISBLANK($B107),"",$B107) -> 4 | S107: =IF(ISBLANK($C107),"",$C107) | AA107: =IF(ISBLANK($D107),"",$D107) | AB107: =IF(OR(ISBLANK(AA107),AA107=""),"",AA107*100/AA$2) | AC107: =IF(ISBLANK($B107),"",$B107) -> 4 | AD107: =IF(ISBLANK($C107),"",$C107) | AL107: =IF(ISBLANK($E107),"",$E107) | AM107: =IF(OR(ISBLANK(AL107),AL107=""),"",AL107*100/AL$2) | AN107: =IF(ISBLANK($B107),"",$B107) -> 4 | AO107: =IF(ISBLANK($C107),"",$C107) | AW107: =IF(ISBLANK($F107),"",$F107) | AX107: =IF(OR(ISBLANK(AW107),AW107=""),"",AW107*100/AW$2) | AY107: =IF(ISBLANK($B107),"",$B107) -> 4 | AZ107: =IF(ISBLANK($C107),"",$C107) | BH107: =IF(ISBLANK($G107),"",$G107) | BI107: =IF(OR(ISBLANK(BH107),BH107=""),"",BH107*100/BH$2) | BJ107: =IF(ISBLANK($B107),"",$B107) -> 4 | BK107: =IF(ISBLANK($C107),"",$C107) | CA107: =IF(ISBLANK($I107),"",$I107) | CB107: =IF(OR(ISBLANK(CA107),CA107=""),"",CA107*100/CA$2) | CC107: =IF(ISBLANK($B107),"",$B107) -> 4 | CD107: =IF(ISBLANK($C107),"",$C107) | CH107: =IF(ISBLANK($I107),"",$I107) | CI107: =IF(OR(ISBLANK(CH107),CH107=""),"",CH107*100/CH$2)
B108: 5 | P108: 4 baholar | Q108: =IF(ISBLANK(C104),"",COUNTIF(O104:O143,4)) | R108: =IF(ISBLANK($B108),"",$B108) -> 5 | S108: =IF(ISBLANK($C108),"",$C108) | AA108: =IF(ISBLANK($D108),"",$D108) | AB108: =IF(OR(ISBLANK(AA108),AA108=""),"",AA108*100/AA$2) | AC108: =IF(ISBLANK($B108),"",$B108) -> 5 | AD108: =IF(ISBLANK($C108),"",$C108) | AL108: =IF(ISBLANK($E108),"",$E108) | AM108: =IF(OR(ISBLANK(AL108),AL108=""),"",AL108*100/AL$2) | AN108: =IF(ISBLANK($B108),"",$B108) -> 5 | AO108: =IF(ISBLANK($C108),"",$C108) | AW108: =IF(ISBLANK($F108),"",$F108) | AX108: =IF(OR(ISBLANK(AW108),AW108=""),"",AW108*100/AW$2) | AY108: =IF(ISBLANK($B108),"",$B108) -> 5 | AZ108: =IF(ISBLANK($C108),"",$C108) | BH108: =IF(ISBLANK($G108),"",$G108) | BI108: =IF(OR(ISBLANK(BH108),BH108=""),"",BH108*100/BH$2) | BJ108: =IF(ISBLANK($B108),"",$B108) -> 5 | BK108: =IF(ISBLANK($C108),"",$C108) | CA108: =IF(ISBLANK($I108),"",$I108) | CB108: =IF(OR(ISBLANK(CA108),CA108=""),"",CA108*100/CA$2) | CC108: =IF(ISBLANK($B108),"",$B108) -> 5 | CD108: =IF(ISBLANK($C108),"",$C108) | CH108: =IF(ISBLANK($I108),"",$I108) | CI108: =IF(OR(ISBLANK(CH108),CH108=""),"",CH108*100/CH$2)
B109: 6 | P109: 3 baholar | Q109: =IF(ISBLANK(C104),"",COUNTIF(O104:O143,3)) | R109: =IF(ISBLANK($B109),"",$B109) -> 6 | S109: =IF(ISBLANK($C109),"",$C109) | AA109: =IF(ISBLANK($D109),"",$D109) | AB109: =IF(OR(ISBLANK(AA109),AA109=""),"",AA109*100/AA$2) | AC109: =IF(ISBLANK($B109),"",$B109) -> 6 | AD109: =IF(ISBLANK($C109),"",$C109) | AL109: =IF(ISBLANK($E109),"",$E109) | AM109: =IF(OR(ISBLANK(AL109),AL109=""),"",AL109*100/AL$2) | AN109: =IF(ISBLANK($B109),"",$B109) -> 6 | AO109: =IF(ISBLANK($C109),"",$C109) | AW109: =IF(ISBLANK($F109),"",$F109) | AX109: =IF(OR(ISBLANK(AW109),AW109=""),"",AW109*100/AW$2) | AY109: =IF(ISBLANK($B109),"",$B109) -> 6 | AZ109: =IF(ISBLANK($C109),"",$C109) | BH109: =IF(ISBLANK($G109),"",$G109) | BI109: =IF(OR(ISBLANK(BH109),BH109=""),"",BH109*100/BH$2) | BJ109: =IF(ISBLANK($B109),"",$B109) -> 6 | BK109: =IF(ISBLANK($C109),"",$C109) | CA109: =IF(ISBLANK($I109),"",$I109) | CB109: =IF(OR(ISBLANK(CA109),CA109=""),"",CA109*100/CA$2) | CC109: =IF(ISBLANK($B109),"",$B109) -> 6 | CD109: =IF(ISBLANK($C109),"",$C109) | CH109: =IF(ISBLANK($I109),"",$I109) | CI109: =IF(OR(ISBLANK(CH109),CH109=""),"",CH109*100/CH$2)
B110: 7 | P110: eng yuqori | Q110: =IF(ISBLANK(C104),"",MAX(J104:J143)) | R110: =IF(ISBLANK($B110),"",$B110) -> 7 | S110: =IF(ISBLANK($C110),"",$C110) | AA110: =IF(ISBLANK($D110),"",$D110) | AB110: =IF(OR(ISBLANK(AA110),AA110=""),"",AA110*100/AA$2) | AC110: =IF(ISBLANK($B110),"",$B110) -> 7 | AD110: =IF(ISBLANK($C110),"",$C110) | AL110: =IF(ISBLANK($E110),"",$E110) | AM110: =IF(OR(ISBLANK(AL110),AL110=""),"",AL110*100/AL$2) | AN110: =IF(ISBLANK($B110),"",$B110) -> 7 | AO110: =IF(ISBLANK($C110),"",$C110) | AW110: =IF(ISBLANK($F110),"",$F110) | AX110: =IF(OR(ISBLANK(AW110),AW110=""),"",AW110*100/AW$2) | AY110: =IF(ISBLANK($B110),"",$B110) -> 7 | AZ110: =IF(ISBLANK($C110),"",$C110) | BH110: =IF(ISBLANK($G110),"",$G110) | BI110: =IF(OR(ISBLANK(BH110),BH110=""),"",BH110*100/BH$2) | BJ110: =IF(ISBLANK($B110),"",$B110) -> 7 | BK110: =IF(ISBLANK($C110),"",$C110) | CA110: =IF(ISBLANK($I110),"",$I110) | CB110: =IF(OR(ISBLANK(CA110),CA110=""),"",CA110*100/CA$2) | CC110: =IF(ISBLANK($B110),"",$B110) -> 7 | CD110: =IF(ISBLANK($C110),"",$C110) | CH110: =IF(ISBLANK($I110),"",$I110) | CI110: =IF(OR(ISBLANK(CH110),CH110=""),"",CH110*100/CH$2)
B111: 8 | P111: eng past | Q111: =IF(ISBLANK(C104),"",MIN(J104:J143)) | R111: =IF(ISBLANK($B111),"",$B111) -> 8 | S111: =IF(ISBLANK($C111),"",$C111) | AA111: =IF(ISBLANK($D111),"",$D111) | AB111: =IF(OR(ISBLANK(AA111),AA111=""),"",AA111*100/AA$2) | AC111: =IF(ISBLANK($B111),"",$B111) -> 8 | AD111: =IF(ISBLANK($C111),"",$C111) | AL111: =IF(ISBLANK($E111),"",$E111) | AM111: =IF(OR(ISBLANK(AL111),AL111=""),"",AL111*100/AL$2) | AN111: =IF(ISBLANK($B111),"",$B111) -> 8 | AO111: =IF(ISBLANK($C111),"",$C111) | AW111: =IF(ISBLANK($F111),"",$F111) | AX111: =IF(OR(ISBLANK(AW111),AW111=""),"",AW111*100/AW$2) | AY111: =IF(ISBLANK($B111),"",$B111) -> 8 | AZ111: =IF(ISBLANK($C111),"",$C111) | BH111: =IF(ISBLANK($G111),"",$G111) | BI111: =IF(OR(ISBLANK(BH111),BH111=""),"",BH111*100/BH$2) | BJ111: =IF(ISBLANK($B111),"",$B111) -> 8 | BK111: =IF(ISBLANK($C111),"",$C111) | CA111: =IF(ISBLANK($I111),"",$I111) | CB111: =IF(OR(ISBLANK(CA111),CA111=""),"",CA111*100/CA$2) | CC111: =IF(ISBLANK($B111),"",$B111) -> 8 | CD111: =IF(ISBLANK($C111),"",$C111) | CH111: =IF(ISBLANK($I111),"",$I111) | CI111: =IF(OR(ISBLANK(CH111),CH111=""),"",CH111*100/CH$2)
B112: 9 | R112: =IF(ISBLANK($B112),"",$B112) -> 9 | S112: =IF(ISBLANK($C112),"",$C112) | AA112: =IF(ISBLANK($D112),"",$D112) | AB112: =IF(OR(ISBLANK(AA112),AA112=""),"",AA112*100/AA$2) | AC112: =IF(ISBLANK($B112),"",$B112) -> 9 | AD112: =IF(ISBLANK($C112),"",$C112) | AL112: =IF(ISBLANK($E112),"",$E112) | AM112: =IF(OR(ISBLANK(AL112),AL112=""),"",AL112*100/AL$2) | AN112: =IF(ISBLANK($B112),"",$B112) -> 9 | AO112: =IF(ISBLANK($C112),"",$C112) | AW112: =IF(ISBLANK($F112),"",$F112) | AX112: =IF(OR(ISBLANK(AW112),AW112=""),"",AW112*100/AW$2) | AY112: =IF(ISBLANK($B112),"",$B112) -> 9 | AZ112: =IF(ISBLANK($C112),"",$C112) | BH112: =IF(ISBLANK($G112),"",$G112) | BI112: =IF(OR(ISBLANK(BH112),BH112=""),"",BH112*100/BH$2) | BJ112: =IF(ISBLANK($B112),"",$B112) -> 9 | BK112: =IF(ISBLANK($C112),"",$C112) | CA112: =IF(ISBLANK($I112),"",$I112) | CB112: =IF(OR(ISBLANK(CA112),CA112=""),"",CA112*100/CA$2) | CC112: =IF(ISBLANK($B112),"",$B112) -> 9 | CD112: =IF(ISBLANK($C112),"",$C112) | CH112: =IF(ISBLANK($I112),"",$I112) | CI112: =IF(OR(ISBLANK(CH112),CH112=""),"",CH112*100/CH$2)
B113: 10 | R113: =IF(ISBLANK($B113),"",$B113) -> 10 | S113: =IF(ISBLANK($C113),"",$C113) | AA113: =IF(ISBLANK($D113),"",$D113) | AB113: =IF(OR(ISBLANK(AA113),AA113=""),"",AA113*100/AA$2) | AC113: =IF(ISBLANK($B113),"",$B113) -> 10 | AD113: =IF(ISBLANK($C113),"",$C113) | AL113: =IF(ISBLANK($E113),"",$E113) | AM113: =IF(OR(ISBLANK(AL113),AL113=""),"",AL113*100/AL$2) | AN113: =IF(ISBLANK($B113),"",$B113) -> 10 | AO113: =IF(ISBLANK($C113),"",$C113) | AW113: =IF(ISBLANK($F113),"",$F113) | AX113: =IF(OR(ISBLANK(AW113),AW113=""),"",AW113*100/AW$2) | AY113: =IF(ISBLANK($B113),"",$B113) -> 10 | AZ113: =IF(ISBLANK($C113),"",$C113) | BH113: =IF(ISBLANK($G113),"",$G113) | BI113: =IF(OR(ISBLANK(BH113),BH113=""),"",BH113*100/BH$2) | BJ113: =IF(ISBLANK($B113),"",$B113) -> 10 | BK113: =IF(ISBLANK($C113),"",$C113) | CA113: =IF(ISBLANK($I113),"",$I113) | CB113: =IF(OR(ISBLANK(CA113),CA113=""),"",CA113*100/CA$2) | CC113: =IF(ISBLANK($B113),"",$B113) -> 10 | CD113: =IF(ISBLANK($C113),"",$C113) | CH113: =IF(ISBLANK($I113),"",$I113) | CI113: =IF(OR(ISBLANK(CH113),CH113=""),"",CH113*100/CH$2)
B114: 11 | R114: =IF(ISBLANK($B114),"",$B114) -> 11 | S114: =IF(ISBLANK($C114),"",$C114) | AA114: =IF(ISBLANK($D114),"",$D114) | AB114: =IF(OR(ISBLANK(AA114),AA114=""),"",AA114*100/AA$2) | AC114: =IF(ISBLANK($B114),"",$B114) -> 11 | AD114: =IF(ISBLANK($C114),"",$C114) | AL114: =IF(ISBLANK($E114),"",$E114) | AM114: =IF(OR(ISBLANK(AL114),AL114=""),"",AL114*100/AL$2) | AN114: =IF(ISBLANK($B114),"",$B114) -> 11 | AO114: =IF(ISBLANK($C114),"",$C114) | AW114: =IF(ISBLANK($F114),"",$F114) | AX114: =IF(OR(ISBLANK(AW114),AW114=""),"",AW114*100/AW$2) | AY114: =IF(ISBLANK($B114),"",$B114) -> 11 | AZ114: =IF(ISBLANK($C114),"",$C114) | BH114: =IF(ISBLANK($G114),"",$G114) | BI114: =IF(OR(ISBLANK(BH114),BH114=""),"",BH114*100/BH$2) | BJ114: =IF(ISBLANK($B114),"",$B114) -> 11 | BK114: =IF(ISBLANK($C114),"",$C114) | CA114: =IF(ISBLANK($I114),"",$I114) | CB114: =IF(OR(ISBLANK(CA114),CA114=""),"",CA114*100/CA$2) | CC114: =IF(ISBLANK($B114),"",$B114) -> 11 | CD114: =IF(ISBLANK($C114),"",$C114) | CH114: =IF(ISBLANK($I114),"",$I114) | CI114: =IF(OR(ISBLANK(CH114),CH114=""),"",CH114*100/CH$2)
B115: 12 | R115: =IF(ISBLANK($B115),"",$B115) -> 12 | S115: =IF(ISBLANK($C115),"",$C115) | AA115: =IF(ISBLANK($D115),"",$D115) | AB115: =IF(OR(ISBLANK(AA115),AA115=""),"",AA115*100/AA$2) | AC115: =IF(ISBLANK($B115),"",$B115) -> 12 | AD115: =IF(ISBLANK($C115),"",$C115) | AL115: =IF(ISBLANK($E115),"",$E115) | AM115: =IF(OR(ISBLANK(AL115),AL115=""),"",AL115*100/AL$2) | AN115: =IF(ISBLANK($B115),"",$B115) -> 12 | AO115: =IF(ISBLANK($C115),"",$C115) | AW115: =IF(ISBLANK($F115),"",$F115) | AX115: =IF(OR(ISBLANK(AW115),AW115=""),"",AW115*100/AW$2) | AY115: =IF(ISBLANK($B115),"",$B115) -> 12 | AZ115: =IF(ISBLANK($C115),"",$C115) | BH115: =IF(ISBLANK($G115),"",$G115) | BI115: =IF(OR(ISBLANK(BH115),BH115=""),"",BH115*100/BH$2) | BJ115: =IF(ISBLANK($B115),"",$B115) -> 12 | BK115: =IF(ISBLANK($C115),"",$C115) | CA115: =IF(ISBLANK($I115),"",$I115) | CB115: =IF(OR(ISBLANK(CA115),CA115=""),"",CA115*100/CA$2) | CC115: =IF(ISBLANK($B115),"",$B115) -> 12 | CD115: =IF(ISBLANK($C115),"",$C115) | CH115: =IF(ISBLANK($I115),"",$I115) | CI115: =IF(OR(ISBLANK(CH115),CH115=""),"",CH115*100/CH$2)
B116: 13 | R116: =IF(ISBLANK($B116),"",$B116) -> 13 | S116: =IF(ISBLANK($C116),"",$C116) | AA116: =IF(ISBLANK($D116),"",$D116) | AB116: =IF(OR(ISBLANK(AA116),AA116=""),"",AA116*100/AA$2) | AC116: =IF(ISBLANK($B116),"",$B116) -> 13 | AD116: =IF(ISBLANK($C116),"",$C116) | AL116: =IF(ISBLANK($E116),"",$E116) | AM116: =IF(OR(ISBLANK(AL116),AL116=""),"",AL116*100/AL$2) | AN116: =IF(ISBLANK($B116),"",$B116) -> 13 | AO116: =IF(ISBLANK($C116),"",$C116) | AW116: =IF(ISBLANK($F116),"",$F116) | AX116: =IF(OR(ISBLANK(AW116),AW116=""),"",AW116*100/AW$2) | AY116: =IF(ISBLANK($B116),"",$B116) -> 13 | AZ116: =IF(ISBLANK($C116),"",$C116) | BH116: =IF(ISBLANK($G116),"",$G116) | BI116: =IF(OR(ISBLANK(BH116),BH116=""),"",BH116*100/BH$2) | BJ116: =IF(ISBLANK($B116),"",$B116) -> 13 | BK116: =IF(ISBLANK($C116),"",$C116) | CA116: =IF(ISBLANK($I116),"",$I116) | CB116: =IF(OR(ISBLANK(CA116),CA116=""),"",CA116*100/CA$2) | CC116: =IF(ISBLANK($B116),"",$B116) -> 13 | CD116: =IF(ISBLANK($C116),"",$C116) | CH116: =IF(ISBLANK($I116),"",$I116) | CI116: =IF(OR(ISBLANK(CH116),CH116=""),"",CH116*100/CH$2)
B117: 14 | R117: =IF(ISBLANK($B117),"",$B117) -> 14 | S117: =IF(ISBLANK($C117),"",$C117) | AA117: =IF(ISBLANK($D117),"",$D117) | AB117: =IF(OR(ISBLANK(AA117),AA117=""),"",AA117*100/AA$2) | AC117: =IF(ISBLANK($B117),"",$B117) -> 14 | AD117: =IF(ISBLANK($C117),"",$C117) | AL117: =IF(ISBLANK($E117),"",$E117) | AM117: =IF(OR(ISBLANK(AL117),AL117=""),"",AL117*100/AL$2) | AN117: =IF(ISBLANK($B117),"",$B117) -> 14 | AO117: =IF(ISBLANK($C117),"",$C117) | AW117: =IF(ISBLANK($F117),"",$F117) | AX117: =IF(OR(ISBLANK(AW117),AW117=""),"",AW117*100/AW$2) | AY117: =IF(ISBLANK($B117),"",$B117) -> 14 | AZ117: =IF(ISBLANK($C117),"",$C117) | BH117: =IF(ISBLANK($G117),"",$G117) | BI117: =IF(OR(ISBLANK(BH117),BH117=""),"",BH117*100/BH$2) | BJ117: =IF(ISBLANK($B117),"",$B117) -> 14 | BK117: =IF(ISBLANK($C117),"",$C117) | CA117: =IF(ISBLANK($I117),"",$I117) | CB117: =IF(OR(ISBLANK(CA117),CA117=""),"",CA117*100/CA$2) | CC117: =IF(ISBLANK($B117),"",$B117) -> 14 | CD117: =IF(ISBLANK($C117),"",$C117) | CH117: =IF(ISBLANK($I117),"",$I117) | CI117: =IF(OR(ISBLANK(CH117),CH117=""),"",CH117*100/CH$2)
B118: 15 | R118: =IF(ISBLANK($B118),"",$B118) -> 15 | S118: =IF(ISBLANK($C118),"",$C118) | AA118: =IF(ISBLANK($D118),"",$D118) | AB118: =IF(OR(ISBLANK(AA118),AA118=""),"",AA118*100/AA$2) | AC118: =IF(ISBLANK($B118),"",$B118) -> 15 | AD118: =IF(ISBLANK($C118),"",$C118) | AL118: =IF(ISBLANK($E118),"",$E118) | AM118: =IF(OR(ISBLANK(AL118),AL118=""),"",AL118*100/AL$2) | AN118: =IF(ISBLANK($B118),"",$B118) -> 15 | AO118: =IF(ISBLANK($C118),"",$C118) | AW118: =IF(ISBLANK($F118),"",$F118) | AX118: =IF(OR(ISBLANK(AW118),AW118=""),"",AW118*100/AW$2) | AY118: =IF(ISBLANK($B118),"",$B118) -> 15 | AZ118: =IF(ISBLANK($C118),"",$C118) | BH118: =IF(ISBLANK($G118),"",$G118) | BI118: =IF(OR(ISBLANK(BH118),BH118=""),"",BH118*100/BH$2) | BJ118: =IF(ISBLANK($B118),"",$B118) -> 15 | BK118: =IF(ISBLANK($C118),"",$C118) | CA118: =IF(ISBLANK($I118),"",$I118) | CB118: =IF(OR(ISBLANK(CA118),CA118=""),"",CA118*100/CA$2) | CC118: =IF(ISBLANK($B118),"",$B118) -> 15 | CD118: =IF(ISBLANK($C118),"",$C118) | CH118: =IF(ISBLANK($I118),"",$I118) | CI118: =IF(OR(ISBLANK(CH118),CH118=""),"",CH118*100/CH$2)
B119: 16 | R119: =IF(ISBLANK($B119),"",$B119) -> 16 | S119: =IF(ISBLANK($C119),"",$C119) | AA119: =IF(ISBLANK($D119),"",$D119) | AB119: =IF(OR(ISBLANK(AA119),AA119=""),"",AA119*100/AA$2) | AC119: =IF(ISBLANK($B119),"",$B119) -> 16 | AD119: =IF(ISBLANK($C119),"",$C119) | AL119: =IF(ISBLANK($E119),"",$E119) | AM119: =IF(OR(ISBLANK(AL119),AL119=""),"",AL119*100/AL$2) | AN119: =IF(ISBLANK($B119),"",$B119) -> 16 | AO119: =IF(ISBLANK($C119),"",$C119) | AW119: =IF(ISBLANK($F119),"",$F119) | AX119: =IF(OR(ISBLANK(AW119),AW119=""),"",AW119*100/AW$2) | AY119: =IF(ISBLANK($B119),"",$B119) -> 16 | AZ119: =IF(ISBLANK($C119),"",$C119) | BH119: =IF(ISBLANK($G119),"",$G119) | BI119: =IF(OR(ISBLANK(BH119),BH119=""),"",BH119*100/BH$2) | BJ119: =IF(ISBLANK($B119),"",$B119) -> 16 | BK119: =IF(ISBLANK($C119),"",$C119) | CA119: =IF(ISBLANK($I119),"",$I119) | CB119: =IF(OR(ISBLANK(CA119),CA119=""),"",CA119*100/CA$2) | CC119: =IF(ISBLANK($B119),"",$B119) -> 16 | CD119: =IF(ISBLANK($C119),"",$C119) | CH119: =IF(ISBLANK($I119),"",$I119) | CI119: =IF(OR(ISBLANK(CH119),CH119=""),"",CH119*100/CH$2)
B120: 17 | R120: =IF(ISBLANK($B120),"",$B120) -> 17 | S120: =IF(ISBLANK($C120),"",$C120) | AA120: =IF(ISBLANK($D120),"",$D120) | AB120: =IF(OR(ISBLANK(AA120),AA120=""),"",AA120*100/AA$2) | AC120: =IF(ISBLANK($B120),"",$B120) -> 17 | AD120: =IF(ISBLANK($C120),"",$C120) | AL120: =IF(ISBLANK($E120),"",$E120) | AM120: =IF(OR(ISBLANK(AL120),AL120=""),"",AL120*100/AL$2) | AN120: =IF(ISBLANK($B120),"",$B120) -> 17 | AO120: =IF(ISBLANK($C120),"",$C120) | AW120: =IF(ISBLANK($F120),"",$F120) | AX120: =IF(OR(ISBLANK(AW120),AW120=""),"",AW120*100/AW$2) | AY120: =IF(ISBLANK($B120),"",$B120) -> 17 | AZ120: =IF(ISBLANK($C120),"",$C120) | BH120: =IF(ISBLANK($G120),"",$G120) | BI120: =IF(OR(ISBLANK(BH120),BH120=""),"",BH120*100/BH$2) | BJ120: =IF(ISBLANK($B120),"",$B120) -> 17 | BK120: =IF(ISBLANK($C120),"",$C120) | CA120: =IF(ISBLANK($I120),"",$I120) | CB120: =IF(OR(ISBLANK(CA120),CA120=""),"",CA120*100/CA$2) | CC120: =IF(ISBLANK($B120),"",$B120) -> 17 | CD120: =IF(ISBLANK($C120),"",$C120) | CH120: =IF(ISBLANK($I120),"",$I120) | CI120: =IF(OR(ISBLANK(CH120),CH120=""),"",CH120*100/CH$2)
B121: 18 | R121: =IF(ISBLANK($B121),"",$B121) -> 18 | S121: =IF(ISBLANK($C121),"",$C121) | AA121: =IF(ISBLANK($D121),"",$D121) | AB121: =IF(OR(ISBLANK(AA121),AA121=""),"",AA121*100/AA$2) | AC121: =IF(ISBLANK($B121),"",$B121) -> 18 | AD121: =IF(ISBLANK($C121),"",$C121) | AL121: =IF(ISBLANK($E121),"",$E121) | AM121: =IF(OR(ISBLANK(AL121),AL121=""),"",AL121*100/AL$2) | AN121: =IF(ISBLANK($B121),"",$B121) -> 18 | AO121: =IF(ISBLANK($C121),"",$C121) | AW121: =IF(ISBLANK($F121),"",$F121) | AX121: =IF(OR(ISBLANK(AW121),AW121=""),"",AW121*100/AW$2) | AY121: =IF(ISBLANK($B121),"",$B121) -> 18 | AZ121: =IF(ISBLANK($C121),"",$C121) | BH121: =IF(ISBLANK($G121),"",$G121) | BI121: =IF(OR(ISBLANK(BH121),BH121=""),"",BH121*100/BH$2) | BJ121: =IF(ISBLANK($B121),"",$B121) -> 18 | BK121: =IF(ISBLANK($C121),"",$C121) | CA121: =IF(ISBLANK($I121),"",$I121) | CB121: =IF(OR(ISBLANK(CA121),CA121=""),"",CA121*100/CA$2) | CC121: =IF(ISBLANK($B121),"",$B121) -> 18 | CD121: =IF(ISBLANK($C121),"",$C121) | CH121: =IF(ISBLANK($I121),"",$I121) | CI121: =IF(OR(ISBLANK(CH121),CH121=""),"",CH121*100/CH$2)
B122: 19 | R122: =IF(ISBLANK($B122),"",$B122) -> 19 | S122: =IF(ISBLANK($C122),"",$C122) | AA122: =IF(ISBLANK($D122),"",$D122) | AB122: =IF(OR(ISBLANK(AA122),AA122=""),"",AA122*100/AA$2) | AC122: =IF(ISBLANK($B122),"",$B122) -> 19 | AD122: =IF(ISBLANK($C122),"",$C122) | AL122: =IF(ISBLANK($E122),"",$E122) | AM122: =IF(OR(ISBLANK(AL122),AL122=""),"",AL122*100/AL$2) | AN122: =IF(ISBLANK($B122),"",$B122) -> 19 | AO122: =IF(ISBLANK($C122),"",$C122) | AW122: =IF(ISBLANK($F122),"",$F122) | AX122: =IF(OR(ISBLANK(AW122),AW122=""),"",AW122*100/AW$2) | AY122: =IF(ISBLANK($B122),"",$B122) -> 19 | AZ122: =IF(ISBLANK($C122),"",$C122) | BH122: =IF(ISBLANK($G122),"",$G122) | BI122: =IF(OR(ISBLANK(BH122),BH122=""),"",BH122*100/BH$2) | BJ122: =IF(ISBLANK($B122),"",$B122) -> 19 | BK122: =IF(ISBLANK($C122),"",$C122) | CA122: =IF(ISBLANK($I122),"",$I122) | CB122: =IF(OR(ISBLANK(CA122),CA122=""),"",CA122*100/CA$2) | CC122: =IF(ISBLANK($B122),"",$B122) -> 19 | CD122: =IF(ISBLANK($C122),"",$C122) | CH122: =IF(ISBLANK($I122),"",$I122) | CI122: =IF(OR(ISBLANK(CH122),CH122=""),"",CH122*100/CH$2)
B123: 20 | R123: =IF(ISBLANK($B123),"",$B123) -> 20 | S123: =IF(ISBLANK($C123),"",$C123) | AA123: =IF(ISBLANK($D123),"",$D123) | AB123: =IF(OR(ISBLANK(AA123),AA123=""),"",AA123*100/AA$2) | AC123: =IF(ISBLANK($B123),"",$B123) -> 20 | AD123: =IF(ISBLANK($C123),"",$C123) | AL123: =IF(ISBLANK($E123),"",$E123) | AM123: =IF(OR(ISBLANK(AL123),AL123=""),"",AL123*100/AL$2) | AN123: =IF(ISBLANK($B123),"",$B123) -> 20 | AO123: =IF(ISBLANK($C123),"",$C123) | AW123: =IF(ISBLANK($F123),"",$F123) | AX123: =IF(OR(ISBLANK(AW123),AW123=""),"",AW123*100/AW$2) | AY123: =IF(ISBLANK($B123),"",$B123) -> 20 | AZ123: =IF(ISBLANK($C123),"",$C123) | BH123: =IF(ISBLANK($G123),"",$G123) | BI123: =IF(OR(ISBLANK(BH123),BH123=""),"",BH123*100/BH$2) | BJ123: =IF(ISBLANK($B123),"",$B123) -> 20 | BK123: =IF(ISBLANK($C123),"",$C123) | CA123: =IF(ISBLANK($I123),"",$I123) | CB123: =IF(OR(ISBLANK(CA123),CA123=""),"",CA123*100/CA$2) | CC123: =IF(ISBLANK($B123),"",$B123) -> 20 | CD123: =IF(ISBLANK($C123),"",$C123) | CH123: =IF(ISBLANK($I123),"",$I123) | CI123: =IF(OR(ISBLANK(CH123),CH123=""),"",CH123*100/CH$2)
... B141: 38 | R141: =IF(ISBLANK($B141),"",$B141) -> 38 | S141: =IF(ISBLANK($C141),"",$C141) | AA141: =IF(ISBLANK($D141),"",$D141) | AB141: =IF(OR(ISBLANK(AA141),AA141=""),"",AA141*100/AA$2) | AC141: =IF(ISBLANK($B141),"",$B141) -> 38 | AD141: =IF(ISBLANK($C141),"",$C141) | AL141: =IF(ISBLANK($E141),"",$E141) | AM141: =IF(OR(ISBLANK(AL141),AL141=""),"",AL141*100/AL$2) | AN141: =IF(ISBLANK($B141),"",$B141) -> 38 | AO141: =IF(ISBLANK($C141),"",$C141) | AW141: =IF(ISBLANK($F141),"",$F141) | AX141: =IF(OR(ISBLANK(AW141),AW141=""),"",AW141*100/AW$2) | AY141: =IF(ISBLANK($B141),"",$B141) -> 38 | AZ141: =IF(ISBLANK($C141),"",$C141) | BH141: =IF(ISBLANK($G141),"",$G141) | BI141: =IF(OR(ISBLANK(BH141),BH141=""),"",BH141*100/BH$2) | BJ141: =IF(ISBLANK($B141),"",$B141) -> 38 | BK141: =IF(ISBLANK($C141),"",$C141) | CA141: =IF(ISBLANK($I141),"",$I141) | CB141: =IF(OR(ISBLANK(CA141),CA141=""),"",CA141*100/CA$2) | CC141: =IF(ISBLANK($B141),"",$B141) -> 38 | CD141: =IF(ISBLANK($C141),"",$C141) | CH141: =IF(ISBLANK($I141),"",$I141) | CI141: =IF(OR(ISBLANK(CH141),CH141=""),"",CH141*100/CH$2)
B142: 39 | R142: =IF(ISBLANK($B142),"",$B142) -> 39 | S142: =IF(ISBLANK($C142),"",$C142) | AA142: =IF(ISBLANK($D142),"",$D142) | AB142: =IF(OR(ISBLANK(AA142),AA142=""),"",AA142*100/AA$2) | AC142: =IF(ISBLANK($B142),"",$B142) -> 39 | AD142: =IF(ISBLANK($C142),"",$C142) | AL142: =IF(ISBLANK($E142),"",$E142) | AM142: =IF(OR(ISBLANK(AL142),AL142=""),"",AL142*100/AL$2) | AN142: =IF(ISBLANK($B142),"",$B142) -> 39 | AO142: =IF(ISBLANK($C142),"",$C142) | AW142: =IF(ISBLANK($F142),"",$F142) | AX142: =IF(OR(ISBLANK(AW142),AW142=""),"",AW142*100/AW$2) | AY142: =IF(ISBLANK($B142),"",$B142) -> 39 | AZ142: =IF(ISBLANK($C142),"",$C142) | BH142: =IF(ISBLANK($G142),"",$G142) | BI142: =IF(OR(ISBLANK(BH142),BH142=""),"",BH142*100/BH$2) | BJ142: =IF(ISBLANK($B142),"",$B142) -> 39 | BK142: =IF(ISBLANK($C142),"",$C142) | CA142: =IF(ISBLANK($I142),"",$I142) | CC142: =IF(ISBLANK($B142),"",$B142) -> 39 | CD142: =IF(ISBLANK($C142),"",$C142) | CH142: =IF(ISBLANK($I142),"",$I142)
B143: 40 | R143: =IF(ISBLANK($B143),"",$B143) -> 40 | S143: =IF(ISBLANK($C143),"",$C143) | AA143: =IF(ISBLANK($D143),"",$D143) | AB143: =IF(OR(ISBLANK(AA143),AA143=""),"",AA143*100/AA$2) | AC143: =IF(ISBLANK($B143),"",$B143) -> 40 | AD143: =IF(ISBLANK($C143),"",$C143) | AL143: =IF(ISBLANK($E143),"",$E143) | AM143: =IF(OR(ISBLANK(AL143),AL143=""),"",AL143*100/AL$2) | AN143: =IF(ISBLANK($B143),"",$B143) -> 40 | AO143: =IF(ISBLANK($C143),"",$C143) | AW143: =IF(ISBLANK($F143),"",$F143) | AX143: =IF(OR(ISBLANK(AW143),AW143=""),"",AW143*100/AW$2) | AY143: =IF(ISBLANK($B143),"",$B143) -> 40 | AZ143: =IF(ISBLANK($C143),"",$C143) | BH143: =IF(ISBLANK($G143),"",$G143) | BI143: =IF(OR(ISBLANK(BH143),BH143=""),"",BH143*100/BH$2) | BJ143: =IF(ISBLANK($B143),"",$B143) -> 40 | BK143: =IF(ISBLANK($C143),"",$C143) | CA143: =IF(ISBLANK($I143),"",$I143) | CC143: =IF(ISBLANK($B143),"",$B143) -> 40 | CD143: =IF(ISBLANK($C143),"",$C143) | CH143: =IF(ISBLANK($I143),"",$I143)
AA144: 3 | AB144: 30 | AL144: 3 | AM144: 30 | AW144: 3 | AX144: 30 | BH144: 3 | BI144: 30 | CA144: 10 | CB144: 30 | CH144: 10 | CI144: 30
R145: o'rtacha | AA145: =IF(ISBLANK(AB145),"",AB145) -> #DIV/0! | AB145: =AVERAGE(AB104:AB143) -> #DIV/0! | AC145: o'rtacha | AL145: =IF(ISBLANK(AM145),"",AM145) | AM145: =IF(ISERROR(AVERAGE(AM104:AM143)),"",AVERAGE(AM104:AM143)) | AN145: o'rtacha | AW145: =IF(ISBLANK(AX145),"",AX145) | AX145: =IF(ISERROR(AVERAGE(AX104:AX143)),"",AVERAGE(AX104:AX143)) | AY145: o'rtacha | BH145: =IF(ISBLANK(BI145),"",BI145) | BI145: =IF(ISERROR(AVERAGE(BI104:BI143)),"",AVERAGE(BI104:BI143)) | BJ145: o'rtacha | CA145: =IF(ISBLANK(CB145),"",CB145) | CB145: =IF(ISERROR(AVERAGE(CB104:CB143)),"",AVERAGE(CB104:CB143)) | CC145: o'rtacha | CH145: =IF(ISBLANK(CI145),"",CI145) | CI145: =IF(ISERROR(AVERAGE(CI104:CI143)),"",AVERAGE(CI104:CI143))
C146: Fan o`qituvchisi:
R147: Fan o`qituvchisi: _____________________________________ | T147: =IF(ISBLANK($G146),"",$G146) | AC147: Fan o`qituvchisi: _____________________________________ | AE147: =IF(ISBLANK($G146),"",$G146) | AN147: Fan o`qituvchisi: _____________________________________ | AP147: =IF(ISBLANK($G146),"",$G146) | AY147: Fan o`qituvchisi: _____________________________________ | BA147: =IF(ISBLANK($G146),"",$G146) | BJ147: Fan o`qituvchisi: _____________________________________ | BP147: =IF(ISBLANK($G146),"",$G146) | CC147: Fan o`qituvchisi: _____________________________________ | CE147: =IF(ISBLANK($G146),"",$G146)
B148: CHORAKLIK NATIJALAR | R148: _________________ kuni olingan ____BSB/Loyiha ishi NATIJALARI | AC148: _________________ kuni olingan ____BSB/Loyiha ishi NATIJALARI | AN148: _________________ kuni olingan ____BSB/Loyiha ishi NATIJALARI | AY148: _________________ kuni olingan ____BSB/Loyiha ishi NATIJALARI | BJ148: _________________ kuni olingan ____CHSB NATIJALARI | CC148: _________________ kuni olingan ____CHSB NATIJALARI
B149: fan | D149: chorak | F149: sinf | R149: =$B$2 -> fan | S149: =$C$2 -> 0 | T149: =$D$2 -> chorak | U149: =$E$2 -> 0 | V149: =$F$2 -> sinf | W149: =$G$2 -> 0 | AA149: =IF(MAX(AA153:AA192)>40,50,IF(MAX(AA153:AA192)>20,25,IF(MAX(AA153:AA192)>15,20,IF(MAX(AA153:AA192)>8,10)))) -> FALSE | AB149: ball | AC149: =$B$2 -> fan | AD149: =$C$2 -> 0 | AE149: =$D$2 -> chorak | AF149: =$E$2 -> 0 | AG149: =$F$2 -> sinf | AH149: =$G$2 -> 0 | AL149: =IF(MAX(AL153:AL192)>40,50,IF(MAX(AL153:AL192)>20,25,IF(MAX(AL153:AL192)>15,20,IF(MAX(AL153:AL192)>8,10)))) -> FALSE | AM149: ball | AN149: =$B$2 -> fan | AO149: =$C$2 -> 0 | AP149: =$D$2 -> chorak | AQ149: =$E$2 -> 0 | AR149: =$F$2 -> sinf | AS149: =$G$2 -> 0 | AW149: =IF(MAX(AW153:AW192)>40,50,IF(MAX(AW153:AW192)>20,25,IF(MAX(AW153:AW192)>15,20,IF(MAX(AW153:AW192)>8,10)))) -> FALSE | AX149: ball | AY149: =$B$2 -> fan | AZ149: =$C$2 -> 0 | BA149: =$D$2 -> chorak | BB149: =$E$2 -> 0 | BC149: =$F$2 -> sinf | BD149: =$G$2 -> 0 | BH149: =IF(MAX(BH153:BH192)>40,50,IF(MAX(BH153:BH192)>20,25,IF(MAX(BH153:BH192)>15,20,IF(MAX(BH153:BH192)>8,10)))) -> FALSE | BI149: ball | BJ149: fan | BK149: =$C$2 -> 0 | BL149: chorak | BO149: =$E$2 -> 0 | BR149: sinf | BT149: =$G$2 -> 0 | CA149: 40 | CB149: ball | CC149: fan | CD149: =$C$2 -> 0 | CE149: ="chorak: "&$E$2 -> chorak: | CG149: ="sinf: "& $G$2 -> sinf: | CH149: 40 | CI149: ball
B151: T/r | C151: F.I.SH | D151: summativ baholash bo'yicha ballar | O151: chorak bahosi | P151: fan | Q151: =IF(ISBLANK(C149),"",C149) | R151: T/r | S151: F.I.SH | T151: Baholash mezoni | AA151: Jami ball | AB151: Foizda | AC151: T/r | AD151: F.I.SH | AE151: Baholash mezoni | AL151: Jami ball | AM151: Foizda | AN151: T/r | AO151: F.I.SH | AP151: Baholash mezoni | AW151: Jami ball | AX151: Foizda | AY151: T/r | AZ151: F.I.SH | BA151: Baholash mezoni | BH151: Jami ball | BI151: Foizda | BJ151: T/r | BK151: F.I.SH | BL151: Baholash mezoni | CA151: Jami ball 40 | CB151: Foizda | CC151: T/r | CD151: F.I.SH | CE151: Baholash mezoni | CH151: Jami ball 40 | CI151: Foizda
D152: BSB | E152: BSB | F152: BSB | G152: LI/Lab | H152: FB (10) | I152: CHSB (40) | J152: Jami ball (100) | N152: tahlil % da | T152: 1 | U152: 2 | V152: 3 | W152: 4 | X152: 5 | Y152: 6 | Z152: 7 | AE152: 1 | AF152: 2 | AG152: 3 | AH152: 4 | AI152: 5 | AJ152: 6 | AK152: 7 | AP152: 1 | AQ152: 2 | AR152: 3 | AS152: 4 | AT152: 5 | AU152: 6 | AV152: 7 | BA152: 1 | BB152: 2 | BC152: 3 | BD152: 4 | BE152: 5 | BF152: 6 | BG152: 7 | BL152: 1 | BM152: 2 | BN152: 3 | BO152: 4 | BP152: 5 | BQ152: 6 | BR152: 7 | BS152: 8 | BT152: 9 | BU152: 10 | BV152: 11 | BW152: 12 | BX152: 13 | BY152: 14 | BZ152: 15 | CE152: "Bilish (to'g'ri javoblar soni)" | CF152: "qo'llash (to'g'ri javoblar soni)" | CG152: "Mulohaza (to'g'ri javoblar soni)"
B153: 1 | P153: sinf | Q153: =IF(ISBLANK(G149),"",G149) | R153: =IF(ISBLANK($B153),"",$B153) -> 1 | S153: =IF(ISBLANK($C153),"",$C153) | AA153: =IF(ISBLANK($D153),"",$D153) | AB153: =IF(OR(ISBLANK(AA153),AA153=""),"",AA153*100/AA$2) | AC153: =IF(ISBLANK($B153),"",$B153) -> 1 | AD153: =IF(ISBLANK($C153),"",$C153) | AL153: =IF(ISBLANK($E153),"",$E153) | AM153: =IF(OR(ISBLANK(AL153),AL153=""),"",AL153*100/AL$2) | AN153: =IF(ISBLANK($B153),"",$B153) -> 1 | AO153: =IF(ISBLANK($C153),"",$C153) | AW153: =IF(ISBLANK($F153),"",$F153) | AX153: =IF(OR(ISBLANK(AW153),AW153=""),"",AW153*100/AW$2) | AY153: =IF(ISBLANK($B153),"",$B153) -> 1 | AZ153: =IF(ISBLANK($C153),"",$C153) | BH153: =IF(ISBLANK($G153),"",$G153) | BI153: =IF(OR(ISBLANK(BH153),BH153=""),"",BH153*100/BH$2) | BJ153: =IF(ISBLANK($B153),"",$B153) -> 1 | BK153: =IF(ISBLANK($C153),"",$C153) | CA153: =IF(ISBLANK($I153),"",$I153) | CB153: =IF(OR(ISBLANK(CA153),CA153=""),"",CA153*100/CA$2) | CC153: =IF(ISBLANK($B153),"",$B153) -> 1 | CD153: =IF(ISBLANK($C153),"",$C153) | CH153: =IF(ISBLANK($I153),"",$I153) | CI153: =IF(OR(ISBLANK(CH153),CH153=""),"",CH153*100/CH$2)
B154: 2 | P154: chorak | Q154: 4 | R154: =IF(ISBLANK($B154),"",$B154) -> 2 | S154: =IF(ISBLANK($C154),"",$C154) | AA154: =IF(ISBLANK($D154),"",$D154) | AB154: =IF(OR(ISBLANK(AA154),AA154=""),"",AA154*100/AA$2) | AC154: =IF(ISBLANK($B154),"",$B154) -> 2 | AD154: =IF(ISBLANK($C154),"",$C154) | AL154: =IF(ISBLANK($E154),"",$E154) | AM154: =IF(OR(ISBLANK(AL154),AL154=""),"",AL154*100/AL$2) | AN154: =IF(ISBLANK($B154),"",$B154) -> 2 | AO154: =IF(ISBLANK($C154),"",$C154) | AW154: =IF(ISBLANK($F154),"",$F154) | AX154: =IF(OR(ISBLANK(AW154),AW154=""),"",AW154*100/AW$2) | AY154: =IF(ISBLANK($B154),"",$B154) -> 2 | AZ154: =IF(ISBLANK($C154),"",$C154) | BH154: =IF(ISBLANK($G154),"",$G154) | BI154: =IF(OR(ISBLANK(BH154),BH154=""),"",BH154*100/BH$2) | BJ154: =IF(ISBLANK($B154),"",$B154) -> 2 | BK154: =IF(ISBLANK($C154),"",$C154) | CA154: =IF(ISBLANK($I154),"",$I154) | CB154: =IF(OR(ISBLANK(CA154),CA154=""),"",CA154*100/CA$2) | CC154: =IF(ISBLANK($B154),"",$B154) -> 2 | CD154: =IF(ISBLANK($C154),"",$C154) | CH154: =IF(ISBLANK($I154),"",$I154) | CI154: =IF(OR(ISBLANK(CH154),CH154=""),"",CH154*100/CH$2)
B155: 3 | P155: o'rtacha | Q155: =IF(ISBLANK(C153),"",AVERAGE(J153:J192)) | R155: =IF(ISBLANK($B155),"",$B155) -> 3 | S155: =IF(ISBLANK($C155),"",$C155) | AA155: =IF(ISBLANK($D155),"",$D155) | AB155: =IF(OR(ISBLANK(AA155),AA155=""),"",AA155*100/AA$2) | AC155: =IF(ISBLANK($B155),"",$B155) -> 3 | AD155: =IF(ISBLANK($C155),"",$C155) | AL155: =IF(ISBLANK($E155),"",$E155) | AM155: =IF(OR(ISBLANK(AL155),AL155=""),"",AL155*100/AL$2) | AN155: =IF(ISBLANK($B155),"",$B155) -> 3 | AO155: =IF(ISBLANK($C155),"",$C155) | AW155: =IF(ISBLANK($F155),"",$F155) | AX155: =IF(OR(ISBLANK(AW155),AW155=""),"",AW155*100/AW$2) | AY155: =IF(ISBLANK($B155),"",$B155) -> 3 | AZ155: =IF(ISBLANK($C155),"",$C155) | BH155: =IF(ISBLANK($G155),"",$G155) | BI155: =IF(OR(ISBLANK(BH155),BH155=""),"",BH155*100/BH$2) | BJ155: =IF(ISBLANK($B155),"",$B155) -> 3 | BK155: =IF(ISBLANK($C155),"",$C155) | CA155: =IF(ISBLANK($I155),"",$I155) | CB155: =IF(OR(ISBLANK(CA155),CA155=""),"",CA155*100/CA$2) | CC155: =IF(ISBLANK($B155),"",$B155) -> 3 | CD155: =IF(ISBLANK($C155),"",$C155) | CH155: =IF(ISBLANK($I155),"",$I155) | CI155: =IF(OR(ISBLANK(CH155),CH155=""),"",CH155*100/CH$2)
...

Sheet tahlil
A2: Fan o'qituvchisi: | D2: Qodirova Gulbahor | G2: o'quv yili | H2: 2025-2026
A4: TR | B4: sinf | D4: sinf bo'yicha o'rtacha ball | K4: ASOSIY FARQ
C5: fan | D5: 1-chorak | E5: 2-chorak | F5: farq | G5: 3-chorak | H5: farq | I5: 4-chorak | J5: farq | M5: chorak | N5: 1-chorak | O5: 2-chorak | P5: 3-chorak | Q5: 4-chorak
A6: 1 | B6: =list!A199 | C6: =list!B199 | D6: =list!C199 | E6: =list!D199 | F6: =list!E199 | G6: =list!F199 | H6: =list!G199 | I6: =list!H199 | ... K6: =list!J199 -> #VALUE! | M6: o'rtacha ball | N6: =D7 -> #DIV/0! | O6: =E7 -> #DIV/0! | P6: =G7 -> #DIV/0! | Q6: =I7 -> #DIV/0!
A7: Umumiy | D7: =AVERAGE(D6:D6) -> #DIV/0! | E7: =AVERAGE(E6:E6) -> #DIV/0! | F7: =E7-D7 -> #DIV/0! | G7: =AVERAGE(G6:G6) -> #DIV/0! | H7: =G7-E7 -> #DIV/0! | I7: =AVERAGE(I6:I6) -> #DIV/0! | J7: =I7-G7 -> #DIV/0! | K7: =I7-D7 -> #DIV/0!
A9: Fan o'qituvchisi: | D9: =D2 -> Qodirova Gulbahor | G9: o'quv yili | H9: =H2 -> 2025-2026
